-- phpMyAdmin SQL Dump
-- version 4.9.7
-- https://www.phpmyadmin.net/
--
-- Host: localhost:3306
-- Generation Time: Oct 24, 2022 at 04:12 PM
-- Server version: 5.7.40
-- PHP Version: 7.4.30

SET SQL_MODE = "NO_AUTO_VALUE_ON_ZERO";
SET AUTOCOMMIT = 0;
START TRANSACTION;
SET time_zone = "+00:00";


/*!40101 SET @OLD_CHARACTER_SET_CLIENT=@@CHARACTER_SET_CLIENT */;
/*!40101 SET @OLD_CHARACTER_SET_RESULTS=@@CHARACTER_SET_RESULTS */;
/*!40101 SET @OLD_COLLATION_CONNECTION=@@COLLATION_CONNECTION */;
/*!40101 SET NAMES utf8mb4 */;

--
-- Database: `hamil19_class`
--

-- --------------------------------------------------------

--
-- Table structure for table `track_202290_animals`
--

CREATE TABLE `track_202290_animals` (
  `id` int(13) NOT NULL,
  `user_id` int(13) NOT NULL,
  `name` varchar(64) NOT NULL,
  `type` varchar(64) NOT NULL,
  `breed` varchar(64) NOT NULL,
  `description` text NOT NULL,
  `img` varchar(256) NOT NULL,
  `date_create` datetime NOT NULL
) ENGINE=MyISAM DEFAULT CHARSET=latin1;

--
-- Dumping data for table `track_202290_animals`
--

INSERT INTO `track_202290_animals` (`id`, `user_id`, `name`, `type`, `breed`, `description`, `img`, `date_create`) VALUES
(1, 5, 'Cory', 'dog', 'pug', 'Toefimi wo pivgiji dis tep doje vali egpezja perimto aw jiita rek nawael mi ko.', 'https://via.placeholder.com/564x508/769/fff/?text=Cory', '2020-07-27 13:13:09'),
(2, 1, 'Winifred', 'cat', 'calico', 'Je wolguddi mawmivav ihuka difpu hep sac zoicorip pu ho gabooji ikpu vu.', 'https://via.placeholder.com/585x459/936/fff/?text=Winifred', '2022-07-29 19:38:40'),
(3, 6, 'Jon', 'dog', 'poodle', 'Ulucesig cozusa ril bo huhuha gafez haseda jufrife haven do itizetse ibifijdej dup bobas geoje.', 'https://via.placeholder.com/420x475/A84/fff/?text=Jon', '2021-10-20 19:11:22'),
(4, 8, 'Lydia', 'cat', 'calico', 'Be caer ic livu ziddoguku niwgittu widba ohaso jujo mifdot sufmorhip lu tegtew upaki.', 'https://via.placeholder.com/500x582/644/fff/?text=Lydia', '2022-07-04 05:43:32'),
(5, 9, 'Keith', 'dog', 'pitbull', 'Ladif nar gomop unpo bibu acbisu rematok dorzukrel lapar pazuuwo putgew jukavo sarazde pap wef agati weeke.', 'https://via.placeholder.com/588x547/379/fff/?text=Keith', '2021-01-28 13:25:04'),
(6, 6, 'Lydia', 'cat', 'calico', 'Za fahurmus sog fupap vasa mo juvkuzvo pampa zudjolu gucoru weuku wele kedugsez di zekawpub cusnel lec daajacin.', 'https://via.placeholder.com/520x460/989/fff/?text=Lydia', '2021-04-10 17:11:11'),
(7, 5, 'Victoria', 'horse', 'brown', 'Tipnus hodfigo oveneflef cigag wew vijno osuv poc me culcatza rogizet rifu.', 'https://via.placeholder.com/588x405/865/fff/?text=Victoria', '2022-09-15 03:06:50'),
(8, 4, 'Elizabeth', 'horse', 'unicorn', 'Zereke jin ozaru jiava tiz nil ket git ec tu ilovo jew jockecin ufazuhse zeurowi guv suffed bujfa.', 'https://via.placeholder.com/448x495/95B/fff/?text=Elizabeth', '2020-03-29 18:12:14'),
(9, 9, 'Carrie', 'dog', 'pug', 'Ejoeji tuaze re korop hi hugto wogaoga kalivo coojobu sowkuh jukaf ji fi mewpefgor hocumbaj cel ze fa.', 'https://via.placeholder.com/600x358/673/fff/?text=Carrie', '2022-08-22 03:00:59'),
(10, 9, 'Earl', 'dog', 'poodle', 'Lajgak hodu efuikobi tot tatvipnu zet lumta jew rirpuku kawere rubad zeoz jumeibi.', 'https://via.placeholder.com/500x535/539/fff/?text=Earl', '2021-12-08 13:55:22'),
(11, 8, 'Leonard', 'cat', 'siamese', 'Itugen bad kodlezo novisoalu uviofo idcuccut fedito foh cidutefoc mo guz huuro ovuuvuda vu zewoc toknifu pohjud beper.', 'https://via.placeholder.com/521x572/5B6/fff/?text=Leonard', '2021-05-29 10:41:15'),
(12, 3, 'Dennis', 'dog', 'pitbull', 'Zefmu bihdu muwiwil kedlugof wacvikzeb girvopaj de jiwew mu wu caj lar jejluk savva.', 'https://via.placeholder.com/598x513/893/fff/?text=Dennis', '2022-06-11 14:37:18'),
(13, 10, 'Milton', 'horse', 'black', 'Mugam wobojaz na neseset deeboesa leefa jubfuski nudde ekoh kiv pokuvoc vit wuw ke bufih.', 'https://via.placeholder.com/403x427/647/fff/?text=Milton', '2021-11-18 10:49:33'),
(14, 6, 'Jeffery', 'cat', 'siamese', 'Ammatuc semona luc iguji tur gelzotpip tofze pejdun lucja ofceju iji ijavut mul.', 'https://via.placeholder.com/391x353/A78/fff/?text=Jeffery', '2021-10-15 07:16:21'),
(15, 1, 'Anthony', 'cat', 'ginger', 'Taamu waf atbaoka fihdag gow ke ogegubi ozwi dorimwav lubair pezeme gieminu rim te.', 'https://via.placeholder.com/523x350/8B5/fff/?text=Anthony', '2021-12-04 12:02:17'),
(16, 6, 'Dale', 'horse', 'unicorn', 'Lid ikizegruv daticru jikdacu lafaep upaguv pu hahleli joir varuw cokuzaz ikhaden siipuwi.', 'https://via.placeholder.com/408x533/445/fff/?text=Dale', '2022-05-26 21:50:08'),
(17, 7, 'Dorothy', 'cat', 'stray', 'Eba hurisim zi codak rawupi cirinop suski gegmalsa leolhem ojmo vozjaap zopev tofo ko lugu me gut.', 'https://via.placeholder.com/433x476/88B/fff/?text=Dorothy', '2022-05-10 19:58:55'),
(18, 10, 'Dennis', 'dog', 'pitbull', 'Teje lucjatre ba geh gotmesos amnavi risen lu zefihi botajos wa zanefun hibona be.', 'https://via.placeholder.com/582x379/659/fff/?text=Dennis', '2020-10-18 11:40:59'),
(19, 5, 'Alice', 'cat', 'siamese', 'Egiejme bi uge tuhlew fechare huh huigaob fu fenom eb nuuz ze ukpialu rinifu oviku ukuav.', 'https://via.placeholder.com/430x598/885/fff/?text=Alice', '2021-08-26 09:21:34'),
(20, 9, 'Jeanette', 'horse', 'brown', 'Kurwozfe viikugid zazvib vesbe wojiip fuatdow ahivahe uhapulir zul hop sarirpi ibowimo fakwa fososeg.', 'https://via.placeholder.com/402x410/955/fff/?text=Jeanette', '2021-09-30 18:56:14'),
(21, 4, 'Carrie', 'dog', 'poodle', 'Inuin cinomefo kuzfowum ogpob salsapo ro vefag opvuhel foszi gapedu rezu wisokutu agpo egdili ra ve lun.', 'https://via.placeholder.com/495x511/897/fff/?text=Carrie', '2021-02-09 00:53:08'),
(22, 8, 'Jim', 'horse', 'brown', 'Mazhab lipa secifni ju gugonu uh bapojhu ucopakne hu suv par tub wu negikbif fonrohan pe vi.', 'https://via.placeholder.com/570x378/546/fff/?text=Jim', '2020-05-25 02:07:26'),
(23, 8, 'Evelyn', 'horse', 'unicorn', 'Sozak cib zejaj owulis wolul huj but fowew liruoba kefjelhe bopsa uvufeiga coc ozo ga anubadoc bo.', 'https://via.placeholder.com/526x579/AA9/fff/?text=Evelyn', '2020-12-21 08:33:17'),
(24, 5, 'Andrew', 'dog', 'pug', 'Of uswef efu figuv lapu ile me rimtun ofje hidehu susbilnor tapvojatu ki zozfocrem.', 'https://via.placeholder.com/532x397/584/fff/?text=Andrew', '2022-08-13 01:08:58'),
(25, 10, 'Leo', 'horse', 'black', 'Api tumgoabu ri cu uz dobi ruso ja ceju odo ohu vuzutol ofkup.', 'https://via.placeholder.com/599x578/337/fff/?text=Leo', '2022-01-13 22:33:27'),
(26, 2, 'Pauline', 'horse', 'unicorn', 'Wepuolo jujke mucafek hugnahik rid etoavba azvu zeniaw rupome altiwok wuconude habak it menvujupo kundo wefmorol.', 'https://via.placeholder.com/489x427/B73/fff/?text=Pauline', '2021-08-28 05:38:53'),
(27, 1, 'Katie', 'cat', 'ginger', 'Bapuino ze fiiza jak ira fiwiduh cu epizem en jo lehufe bora zovjajer.', 'https://via.placeholder.com/427x475/995/fff/?text=Katie', '2020-07-05 16:09:21'),
(28, 10, 'Edward', 'horse', 'brown', 'Bed rak hiv osaube gomesa gaduw ivhag lir av oc ici zujhencar zohpogciz uwe luf bacascej mam.', 'https://via.placeholder.com/539x412/9A8/fff/?text=Edward', '2021-01-06 09:53:41'),
(29, 2, 'Dean', 'cat', 'siamese', 'Toto fa va upo vo ilubu ocgozik jo tahajal guef awe humaci ofad jitobat pe vawmug.', 'https://via.placeholder.com/466x516/449/fff/?text=Dean', '2021-12-05 20:21:34'),
(30, 2, 'Flora', 'dog', 'poodle', 'Kowvoj suesopuc za ka kitlamtul colulu ebe kese hijuvgoz ijefakil jizca bawec udi beuhco jol macif.', 'https://via.placeholder.com/535x502/AA6/fff/?text=Flora', '2020-03-31 21:47:53'),
(31, 7, 'Annie', 'horse', 'black', 'Diddu hihtiut alarik jo tejuba lulra cucu ka vabwortur aremim bapzatgan tiaj unrug gihotak ji.', 'https://via.placeholder.com/515x598/8B5/fff/?text=Annie', '2020-07-11 21:36:20'),
(32, 7, 'Shawn', 'cat', 'calico', 'Tuwad vibe kucer zececup umajog ipitic fe cogzu nik zueg jofok tecvuav.', 'https://via.placeholder.com/511x415/866/fff/?text=Shawn', '2021-05-25 00:34:39'),
(33, 8, 'Corey', 'cat', 'fat', 'Abesleh egienliw sedef li cohehmo bujera zeki rij bamu ganho virumha ves or zo bof vuawi apdewve.', 'https://via.placeholder.com/391x466/4A5/fff/?text=Corey', '2022-07-04 17:26:22'),
(34, 4, 'Stephen', 'horse', 'black', 'Ivsi datjor ha wamfa ga huiwazo vito ukowo ku coz un uke bibna neruwewa sukoifa opo.', 'https://via.placeholder.com/565x375/9BB/fff/?text=Stephen', '2020-05-19 01:24:01'),
(35, 10, 'Jeremy', 'horse', 'unicorn', 'Sih sul fok sosiw ji dujogat rajbap si owi mormi zotu od jik.', 'https://via.placeholder.com/522x407/A36/fff/?text=Jeremy', '2021-08-21 21:41:55'),
(36, 7, 'Dennis', 'dog', 'pug', 'Zaufoho nos siggil pursinute amka hik patodhik di nofoguk igucicur dawifulu horbe iveuzaak tus.', 'https://via.placeholder.com/426x375/5A4/fff/?text=Dennis', '2021-07-09 05:47:33'),
(37, 7, 'Flora', 'dog', 'poodle', 'Nona kolewduj narupeime nepi bafu bopbe mallav do gifzapas pe legirius un usalupi goufanu ugvi ke sepalfuh poac.', 'https://via.placeholder.com/575x533/949/fff/?text=Flora', '2021-04-18 19:37:30'),
(38, 10, 'Keith', 'cat', 'ginger', 'Rin lam johaf ogefi laludwu bawrab kifugre mopiv umozipkeg zaeveugi kunub otuokjej afof bo kokur uri fo sukus.', 'https://via.placeholder.com/562x369/4A6/fff/?text=Keith', '2020-06-20 11:22:24'),
(39, 10, 'Oscar', 'horse', 'black', 'Makezfej punifzik kok fumez gaccedtet ol ejurov oh ijro lu uguc dolaj tili tizkuj kag.', 'https://via.placeholder.com/385x385/B99/fff/?text=Oscar', '2022-02-19 01:09:02'),
(40, 10, 'Logan', 'horse', 'brown', 'Numwadju zokbibgub citi ija ibdoive iso opuvob tamuvo amsif okeehcaz aprodoh vamdamug fizbavmuf.', 'https://via.placeholder.com/459x534/BA7/fff/?text=Logan', '2021-08-10 05:53:22'),
(41, 1, 'Jesus', 'horse', 'black', 'Eluorvir ze pug kocomiele soswujgi uvolokef tewe laonidib ipeta how gitmug otu nej ajripnik guti fowohiv pineh.', 'https://via.placeholder.com/526x555/5B4/fff/?text=Jesus', '2020-02-19 15:23:51'),
(42, 4, 'Elijah', 'cat', 'siamese', 'Leduti rowob sonte ume ude nugza giuw red golo oc gekugce ube hunut suvacke.', 'https://via.placeholder.com/460x531/68B/fff/?text=Elijah', '2021-10-28 13:34:49'),
(43, 9, 'Robert', 'dog', 'pitbull', 'Lazuji wotnav jigletma kompefbi uwipip li wetlil cuh dez hetdi ere buketuj.', 'https://via.placeholder.com/353x412/364/fff/?text=Robert', '2021-08-15 14:42:23'),
(44, 8, 'Kevin', 'cat', 'fat', 'Methuob tivollu onu fesogoko eresoz mi kodvor nitjiuhe kut elasuz ziez duzweh kaamo.', 'https://via.placeholder.com/529x564/365/fff/?text=Kevin', '2020-09-22 22:54:48'),
(45, 4, 'Maggie', 'dog', 'poodle', 'Howera ri roto hi tureson vel vujhokce sir udelehkel ceezno huj sovsup riab ep.', 'https://via.placeholder.com/596x580/836/fff/?text=Maggie', '2021-11-25 23:33:25'),
(46, 2, 'Elijah', 'cat', 'stray', 'Nigi befon doc vukba nettiw coc tehfalhir ovbo uho sonopwon nomwire likiefu.', 'https://via.placeholder.com/455x516/58A/fff/?text=Elijah', '2022-03-14 07:06:42'),
(47, 6, 'Arthur', 'dog', 'pug', 'Kodi solwe owe zuzro galet goesdum ko naazba ojjilod geptitvep mejmip jatbursil jiti icra ca kooj velka.', 'https://via.placeholder.com/541x473/959/fff/?text=Arthur', '2022-05-20 05:06:30'),
(48, 3, 'Lee', 'cat', 'stray', 'Idsot pelbaf boge lecove cajita nif fadpetvu onwib ati haz huude cumsa vicavip waplewlev igwetol ko agorro.', 'https://via.placeholder.com/391x580/94A/fff/?text=Lee', '2021-09-17 22:53:53'),
(49, 3, 'Elmer', 'cat', 'stray', 'Vacci ipdus apelaztu ri zissoza rijkelco dih cujah macirir ubu di kajzuk cibre ago.', 'https://via.placeholder.com/476x593/638/fff/?text=Elmer', '2022-04-22 02:58:37'),
(50, 3, 'Owen', 'dog', 'poodle', 'Rof fi ohnovmo nazzidfos de oveumged limez vocov mubwam owep otajazpa ci nod zuwiki to iga veno.', 'https://via.placeholder.com/465x369/88A/fff/?text=Owen', '2021-11-13 04:36:43');

-- --------------------------------------------------------

--
-- Table structure for table `track_202290_locations`
--

CREATE TABLE `track_202290_locations` (
  `id` int(13) NOT NULL,
  `animal_id` int(13) NOT NULL,
  `lat` decimal(8,6) NOT NULL,
  `lng` decimal(9,6) NOT NULL,
  `description` text NOT NULL,
  `photo` varchar(256) NOT NULL,
  `icon` varchar(256) NOT NULL,
  `date_create` datetime NOT NULL
) ENGINE=MyISAM DEFAULT CHARSET=latin1;

--
-- Dumping data for table `track_202290_locations`
--

INSERT INTO `track_202290_locations` (`id`, `animal_id`, `lat`, `lng`, `description`, `photo`, `icon`, `date_create`) VALUES
(1, 40, '37.763860', '-122.448940', 'Tah gadeb rota lovjuh vimut wur lesata ahoger juuwi piz kij siwi.', 'https://via.placeholder.com/495x529/B3A/fff/?text=PHOTO', 'https://via.placeholder.com/387x513/768/fff/?text=ICON', '2020-01-01 00:59:20'),
(2, 50, '37.757660', '-122.447050', 'Uhuejo taz bu jokhiil nol zaidoda lobazkit ehivok akowimkef tadup uhvec tudicsab hikip bo zosob.', 'https://via.placeholder.com/373x538/43A/fff/?text=PHOTO', 'https://via.placeholder.com/408x599/A5A/fff/?text=ICON', '2021-09-11 11:02:44'),
(3, 16, '37.706890', '-122.454350', 'Ac bu ijkahpi orehezu femumpa zid zu hizoz nos amoger puvovel conci zonec afcume tobimiko.', 'https://via.placeholder.com/364x444/878/fff/?text=PHOTO', 'https://via.placeholder.com/514x546/344/fff/?text=ICON', '2021-03-03 08:08:41'),
(4, 14, '37.677810', '-122.418660', 'Orbugo vihuta so raberto dipre kukoho adeoj dep malov ed hu laehicir.', 'https://via.placeholder.com/506x563/A5B/fff/?text=PHOTO', 'https://via.placeholder.com/549x397/485/fff/?text=ICON', '2020-01-29 00:31:46'),
(5, 45, '37.733780', '-122.372160', 'Ko irji midisob nal uru cuaco urporpi baclaz bafun unoebesa bawfus un hiod gamit ohge denhudow.', 'https://via.placeholder.com/456x556/4A3/fff/?text=PHOTO', 'https://via.placeholder.com/538x389/4A6/fff/?text=ICON', '2022-06-27 13:55:35'),
(6, 11, '37.679090', '-122.415130', 'Ve wumhekesa go nig nuclizpa fot pekor ehooptim sotza kuhgup gil riw nu ibuhe ensa tos kapmoj neme.', 'https://via.placeholder.com/457x459/99B/fff/?text=PHOTO', 'https://via.placeholder.com/497x375/896/fff/?text=ICON', '2022-06-03 06:29:58'),
(7, 25, '37.719370', '-122.457980', 'Leanku levun salmuw lipzih om wasisha copwon jaz sihku les di ta uwzodat ubna tataju lewaduwe.', 'https://via.placeholder.com/453x476/35A/fff/?text=PHOTO', 'https://via.placeholder.com/439x420/989/fff/?text=ICON', '2021-11-28 20:21:19'),
(8, 15, '37.775270', '-122.479320', 'Hod koorma ze enmi huehu heipbag jeremooja am acebeuj zusesu cuji madge.', 'https://via.placeholder.com/367x481/56B/fff/?text=PHOTO', 'https://via.placeholder.com/565x492/35B/fff/?text=ICON', '2020-06-29 22:52:57'),
(9, 35, '37.711890', '-122.457570', 'Oduru teltom curjek ciku jiboso tudut geuh uve miidwod gi wifwub gu kidunlor wafkaw holwip kos zum zoma.', 'https://via.placeholder.com/367x507/656/fff/?text=PHOTO', 'https://via.placeholder.com/376x414/545/fff/?text=ICON', '2020-05-29 02:24:48'),
(10, 26, '37.765080', '-122.420230', 'Ev jetiaf eba gefiz adivuzmah othi fi zurpur fuvsu cedu kece nitewi.', 'https://via.placeholder.com/446x485/633/fff/?text=PHOTO', 'https://via.placeholder.com/380x459/895/fff/?text=ICON', '2022-09-06 03:33:17'),
(11, 32, '37.743150', '-122.458280', 'Hone huwhu jicka de eb nalasol cuzuf jutjijid boiz vabla vivi fi mitsag.', 'https://via.placeholder.com/411x565/AA8/fff/?text=PHOTO', 'https://via.placeholder.com/536x503/7BB/fff/?text=ICON', '2022-02-13 01:58:34'),
(12, 3, '37.795040', '-122.386930', 'Mogwiw mezaku moj rul mewompu cun vupefop mere vuw tap ja netozit.', 'https://via.placeholder.com/414x355/686/fff/?text=PHOTO', 'https://via.placeholder.com/549x437/B85/fff/?text=ICON', '2020-11-01 17:17:15'),
(13, 23, '37.681710', '-122.430860', 'Usirahifa lu le ri vaopjo nojtuv guowa wehuzow bistez vi gaumfug posfe olapaw ufo kihumi dunu ronjipsof soogu.', 'https://via.placeholder.com/438x552/69A/fff/?text=PHOTO', 'https://via.placeholder.com/480x451/746/fff/?text=ICON', '2021-11-28 12:50:25'),
(14, 40, '37.720000', '-122.376520', 'Si jaibe diaz zikza rib kan utgehis jadradi wajzajede dioje sewatedi osil engibe ralvi loobe.', 'https://via.placeholder.com/591x427/768/fff/?text=PHOTO', 'https://via.placeholder.com/587x558/749/fff/?text=ICON', '2022-03-08 01:15:24'),
(15, 33, '37.680760', '-122.374790', 'La re categ heziec eleicu dilen zugru sed luw tute unral ohgusam vitpezfer.', 'https://via.placeholder.com/563x405/656/fff/?text=PHOTO', 'https://via.placeholder.com/353x399/376/fff/?text=ICON', '2021-08-10 02:52:33'),
(16, 33, '37.695320', '-122.418910', 'Fufop puf tagot faz ze hazjic cemehop vuznafeg daw giifilas munol vinsoz nuvucakor pobpubte.', 'https://via.placeholder.com/421x553/B76/fff/?text=PHOTO', 'https://via.placeholder.com/386x503/957/fff/?text=ICON', '2020-10-17 19:51:06'),
(17, 9, '37.724390', '-122.371630', 'Me ut odi hafeko eco zuj ezciwe odige henkun fezu zo fugsedig kuhu.', 'https://via.placeholder.com/460x557/769/fff/?text=PHOTO', 'https://via.placeholder.com/418x458/A79/fff/?text=ICON', '2020-08-16 02:38:19'),
(18, 26, '37.680410', '-122.392190', 'Santo ra revnil judozni dicivuk geb heogpa wacpugew barlif tovpihzu demiruaco ko.', 'https://via.placeholder.com/400x381/888/fff/?text=PHOTO', 'https://via.placeholder.com/378x517/959/fff/?text=ICON', '2022-02-24 02:03:50'),
(19, 9, '37.773460', '-122.401950', 'Mo dusteceki odu mo anjorive sis gudit gakhu dezarfu nacen fomenu hehu howge pinza weucahab wuge ideafza sojlegsak.', 'https://via.placeholder.com/574x587/79A/fff/?text=PHOTO', 'https://via.placeholder.com/412x552/6A8/fff/?text=ICON', '2022-07-04 18:46:07'),
(20, 25, '37.731390', '-122.404200', 'Eze neheguv nom tecuk roggezpo ikgiwa ogetope jo ji venfukis mu sudpebosu pin.', 'https://via.placeholder.com/533x387/658/fff/?text=PHOTO', 'https://via.placeholder.com/455x570/7AB/fff/?text=ICON', '2022-09-19 08:23:58'),
(21, 25, '37.704740', '-122.472310', 'Pivzazjes mobaju netmu buvek nu pouj nena dosbuetu pukrifum vedar vavad elpese gehme.', 'https://via.placeholder.com/403x483/555/fff/?text=PHOTO', 'https://via.placeholder.com/389x589/57A/fff/?text=ICON', '2021-08-03 07:54:50'),
(22, 44, '37.767380', '-122.471120', 'Haznuz sutbagji toun tucligepo iba jud sub jocnurvor gin ri kig habejo kig pe si hukrir ubaci wul.', 'https://via.placeholder.com/592x491/8AA/fff/?text=PHOTO', 'https://via.placeholder.com/483x405/733/fff/?text=ICON', '2020-08-27 10:31:37'),
(23, 5, '37.766960', '-122.446540', 'Avutudceh dubocpaf pun rocij tibdorof afa vufro gusar boamte mi zipsu ri vonvu nioc wam.', 'https://via.placeholder.com/503x450/B7B/fff/?text=PHOTO', 'https://via.placeholder.com/546x591/BB7/fff/?text=ICON', '2022-06-29 10:14:33'),
(24, 5, '37.763360', '-122.378100', 'Lonfutar ci ugnipi rapesgab bocu uk vavpe zu we he wokdu far vo ogivad duhmasap be pamiveb ruztewdag.', 'https://via.placeholder.com/413x574/959/fff/?text=PHOTO', 'https://via.placeholder.com/470x352/AB9/fff/?text=ICON', '2020-02-21 05:13:16'),
(25, 38, '37.767750', '-122.442050', 'Ecgone duleid tahpigag nig afofufro rel jun mahdegli zujepiat li lilat ec raujug lehuse sife eraoc.', 'https://via.placeholder.com/381x429/B6A/fff/?text=PHOTO', 'https://via.placeholder.com/584x451/575/fff/?text=ICON', '2020-12-27 01:03:50'),
(26, 5, '37.751230', '-122.432270', 'Pimca fol usawisu ropahva weha tunoda nab vuc ib vu cor remoit soc zemkaslaz fade vekpit siw bubomaki.', 'https://via.placeholder.com/580x367/A59/fff/?text=PHOTO', 'https://via.placeholder.com/572x381/4B8/fff/?text=ICON', '2020-10-12 05:02:42'),
(27, 46, '37.772180', '-122.499020', 'Coiware ja pur coavewe jekelo loirdiv ujo deramcu tuhekse fuwo momizag osibahcom tef kejuhan iraw ef cih.', 'https://via.placeholder.com/506x406/49B/fff/?text=PHOTO', 'https://via.placeholder.com/362x537/B94/fff/?text=ICON', '2022-08-06 18:43:16'),
(28, 14, '37.786270', '-122.443180', 'Getetne lo unehowiw kajnud mu osucokzo du uvo vopum ze asmusla isigera sala mis.', 'https://via.placeholder.com/404x590/99B/fff/?text=PHOTO', 'https://via.placeholder.com/487x580/93B/fff/?text=ICON', '2021-02-09 22:55:14'),
(29, 46, '37.694080', '-122.403210', 'Talpopum ludok epagteb ovselo vafkusol fagkevrov deszero naj fazfel huh ori usuf babjolbag howef.', 'https://via.placeholder.com/397x513/B89/fff/?text=PHOTO', 'https://via.placeholder.com/558x589/436/fff/?text=ICON', '2022-02-28 05:34:41'),
(30, 16, '37.768200', '-122.422640', 'Jesej kalel fu vacolmic ewudab orodo viwopov pat atgogov opu wojmo beswuw lifdev.', 'https://via.placeholder.com/553x430/375/fff/?text=PHOTO', 'https://via.placeholder.com/540x576/A4B/fff/?text=ICON', '2020-02-01 17:45:31'),
(31, 40, '37.752060', '-122.399120', 'Ju sazo jo ubonicla bis gaija sac bu namhor wouc jour ev levi obupog kut ufaseno otlojo wiwji.', 'https://via.placeholder.com/381x510/898/fff/?text=PHOTO', 'https://via.placeholder.com/362x476/8B6/fff/?text=ICON', '2021-12-14 10:00:02'),
(32, 39, '37.679670', '-122.420360', 'Kefsop fop zaju fesme bom ne ropnufa narjub simoc ogeugit umtagut amjev zam.', 'https://via.placeholder.com/459x444/555/fff/?text=PHOTO', 'https://via.placeholder.com/508x425/BBB/fff/?text=ICON', '2021-02-13 06:43:09'),
(33, 29, '37.752150', '-122.387540', 'Getvuves dastaji nupzeda solicja kokunhu tobwumi temo bir kivof oj kefi bebli.', 'https://via.placeholder.com/376x392/8AB/fff/?text=PHOTO', 'https://via.placeholder.com/436x458/A56/fff/?text=ICON', '2020-11-16 14:36:33'),
(34, 5, '37.727980', '-122.484290', 'Iz kojo wopje wakmifweb ba edebuzbef uv vedirzo fonnikig gonar ub ke puulo valti ep noh.', 'https://via.placeholder.com/531x510/B38/fff/?text=PHOTO', 'https://via.placeholder.com/596x520/859/fff/?text=ICON', '2020-11-21 01:14:52'),
(35, 45, '37.698570', '-122.421040', 'Nugo de goj joz sefvito facul tukedpat fa vem tuvterij caf ivoil gois ro.', 'https://via.placeholder.com/547x569/798/fff/?text=PHOTO', 'https://via.placeholder.com/408x380/58B/fff/?text=ICON', '2021-03-06 06:09:32'),
(36, 30, '37.756770', '-122.398940', 'Ceb firu numhoj huh dersoh kod ipo gunta ehe sa iriwa peupuje ase diav nisuwpeh vibo ruj.', 'https://via.placeholder.com/426x418/975/fff/?text=PHOTO', 'https://via.placeholder.com/448x454/353/fff/?text=ICON', '2021-07-01 05:55:56'),
(37, 15, '37.795800', '-122.453140', 'Cenro labude evodel wano bu cadosnap fihkodzo celapo hitov jipsunad besaw woib fijwinow sutiahu ida.', 'https://via.placeholder.com/477x514/368/fff/?text=PHOTO', 'https://via.placeholder.com/505x431/A63/fff/?text=ICON', '2022-02-21 12:25:31'),
(38, 30, '37.763780', '-122.433310', 'Ka gaperamej kes jeepe eg oznovtic pedtavjo fel go mibub gimrifac pom povdadju pujupa le sojadde.', 'https://via.placeholder.com/530x359/37B/fff/?text=PHOTO', 'https://via.placeholder.com/390x372/63B/fff/?text=ICON', '2020-06-11 00:48:39'),
(39, 35, '37.733060', '-122.473670', 'Wakar udwakte bajsa warkaw nub fow jagmiscer he hepmirfuz dokhuviv sigje bejocur mo.', 'https://via.placeholder.com/577x386/579/fff/?text=PHOTO', 'https://via.placeholder.com/461x532/949/fff/?text=ICON', '2021-11-01 20:22:08'),
(40, 16, '37.724580', '-122.457460', 'Ce oreim nej pewmuw marlemeta lurru guwaj owuhiwej wu epdomu nubafzem ecfusih ab polpurher ti.', 'https://via.placeholder.com/440x492/4AA/fff/?text=PHOTO', 'https://via.placeholder.com/461x569/775/fff/?text=ICON', '2021-07-30 16:18:52'),
(41, 50, '37.689360', '-122.410480', 'So rof bi funovad gi fuhzub wivaho ruhto eraugi mi saguta wu ro.', 'https://via.placeholder.com/584x593/568/fff/?text=PHOTO', 'https://via.placeholder.com/414x389/577/fff/?text=ICON', '2020-12-24 19:45:30'),
(42, 4, '37.698300', '-122.401910', 'Ize becheobi sima nimriz zimak na kuapjec ipi hoknas tifhis rihi gomsa kifuc gowi wuvgef.', 'https://via.placeholder.com/433x507/9B6/fff/?text=PHOTO', 'https://via.placeholder.com/496x417/644/fff/?text=ICON', '2020-02-11 10:58:03'),
(43, 29, '37.780250', '-122.407910', 'Omve wir fuw fah pas uwo wolis puvim nicus haol puzawewe fatsedep.', 'https://via.placeholder.com/356x391/588/fff/?text=PHOTO', 'https://via.placeholder.com/507x397/76A/fff/?text=ICON', '2020-02-25 10:21:01'),
(44, 15, '37.734470', '-122.493620', 'Pof cinpo gun zop ol tep efdib gotnuw weodo bapkane si boc be be topcedo fun hiba aza.', 'https://via.placeholder.com/366x409/9A6/fff/?text=PHOTO', 'https://via.placeholder.com/365x449/386/fff/?text=ICON', '2020-04-15 03:44:27'),
(45, 1, '37.767010', '-122.459070', 'Eb op itenucvur nacnonow inosik oho ji gozbiru beraniv oti navleemi sibzudje so algid wo.', 'https://via.placeholder.com/514x386/A48/fff/?text=PHOTO', 'https://via.placeholder.com/475x372/48B/fff/?text=ICON', '2021-04-02 15:20:11'),
(46, 46, '37.772240', '-122.395100', 'Nufsin zojmubwo mip ji ezu acuhizud gihzokju leahi zo geczazu etta hiftedsir peemgo.', 'https://via.placeholder.com/530x369/B5B/fff/?text=PHOTO', 'https://via.placeholder.com/457x360/9B9/fff/?text=ICON', '2021-09-13 20:02:48'),
(47, 13, '37.793850', '-122.399090', 'Mak igokuj wof wu lasujo dav dihusgih levelod vawodi wituuso rijegda unadu cecvenes sucupu vudivi.', 'https://via.placeholder.com/402x558/768/fff/?text=PHOTO', 'https://via.placeholder.com/591x501/883/fff/?text=ICON', '2021-12-17 04:44:02'),
(48, 50, '37.742740', '-122.398230', 'Hiji ru tenpopoco zafi behbah wocusi nib jefko memreiz vuvtepvep ega mohwup.', 'https://via.placeholder.com/461x519/546/fff/?text=PHOTO', 'https://via.placeholder.com/358x385/9B8/fff/?text=ICON', '2022-02-07 14:21:28'),
(49, 21, '37.786350', '-122.379230', 'Guka bi falilfi gaof teimduz ipfuf ek ere ohe zi aseba mub eji ab.', 'https://via.placeholder.com/578x539/578/fff/?text=PHOTO', 'https://via.placeholder.com/439x576/746/fff/?text=ICON', '2022-07-23 17:44:08'),
(50, 34, '37.759890', '-122.463200', 'Ne jijog nako zohdag gih igari enaja av coadobud eludivpev matoh igdibori tugig.', 'https://via.placeholder.com/416x382/AA6/fff/?text=PHOTO', 'https://via.placeholder.com/579x588/B86/fff/?text=ICON', '2022-07-05 23:03:46'),
(51, 37, '37.787880', '-122.457730', 'Var dudawcuz of nunfi bipbaimi ud remuloovo ini vipit de ladan icisahu hinwona.', 'https://via.placeholder.com/461x537/489/fff/?text=PHOTO', 'https://via.placeholder.com/403x421/B69/fff/?text=ICON', '2022-08-06 03:24:34'),
(52, 30, '37.796170', '-122.463360', 'Ciipofup uc dehiboh vulo vugsopmok culbon recleliw gezweppac hopena apvurut kegat pi hopfop negagrif gunki liveg be.', 'https://via.placeholder.com/582x583/A3B/fff/?text=PHOTO', 'https://via.placeholder.com/454x569/655/fff/?text=ICON', '2021-12-08 05:44:15'),
(53, 24, '37.708960', '-122.446250', 'Mefta je ugte re upunuka gekahegir zik mefkodak zeisige bak rim sowbe pifogcu gip gaepodo elonihoc teg su.', 'https://via.placeholder.com/520x469/3B4/fff/?text=PHOTO', 'https://via.placeholder.com/361x536/346/fff/?text=ICON', '2020-05-26 05:22:58'),
(54, 50, '37.681620', '-122.417350', 'Onja si neocaod zuboj lophacat ga mektedlag hiecu peszi ocsadmej ohnek hecve purobjos ludte jaih.', 'https://via.placeholder.com/431x560/437/fff/?text=PHOTO', 'https://via.placeholder.com/411x523/837/fff/?text=ICON', '2021-09-11 20:20:09'),
(55, 36, '37.710740', '-122.475540', 'Racota pifusam bohro alo gojap vanil ji poprar welpop jemo wodikni zicsilla cem.', 'https://via.placeholder.com/373x446/343/fff/?text=PHOTO', 'https://via.placeholder.com/507x569/A78/fff/?text=ICON', '2020-11-17 04:01:43'),
(56, 1, '37.736760', '-122.371920', 'Es bo po dihap vufafi ir fawrufpo zogut fe saoma vokud wun alupsi.', 'https://via.placeholder.com/400x353/48B/fff/?text=PHOTO', 'https://via.placeholder.com/453x369/A4A/fff/?text=ICON', '2021-05-18 00:10:51'),
(57, 32, '37.765300', '-122.448330', 'Ape vocnoje afopo zimcin imuike vus fivi wo rohve rad lu vohu cugtem ja lubposaca ij notibko rur.', 'https://via.placeholder.com/541x407/B8B/fff/?text=PHOTO', 'https://via.placeholder.com/575x484/689/fff/?text=ICON', '2022-03-21 17:33:17'),
(58, 5, '37.753060', '-122.392040', 'Bozon tuv vuksonal wu gufgesev zi genu wegmidi juge bolozba emujac gu so nazewer kojrug gonezer hebdazciz.', 'https://via.placeholder.com/474x538/489/fff/?text=PHOTO', 'https://via.placeholder.com/423x532/377/fff/?text=ICON', '2021-11-05 17:54:10'),
(59, 42, '37.786530', '-122.435130', 'Wemmohda torpanup vif nas valwiw filrurru bitpiwes ra ewo uba zumir femob ti.', 'https://via.placeholder.com/556x467/A96/fff/?text=PHOTO', 'https://via.placeholder.com/575x589/488/fff/?text=ICON', '2020-08-30 18:40:33'),
(60, 23, '37.675340', '-122.432680', 'Zuhfopfa olpoj odvov redkowsak zispobu jokkit hium waranlid tudcuj uji inravsoz miecat et vanummo lec alolu vudivgij.', 'https://via.placeholder.com/499x472/568/fff/?text=PHOTO', 'https://via.placeholder.com/394x429/7B7/fff/?text=ICON', '2020-07-02 10:53:15'),
(61, 24, '37.684550', '-122.392400', 'Fetito pa vute ar oh deovcim sekso fa avuaz sus fadaf lacu ap emaine buknal.', 'https://via.placeholder.com/559x363/655/fff/?text=PHOTO', 'https://via.placeholder.com/511x450/365/fff/?text=ICON', '2021-03-10 02:55:35'),
(62, 31, '37.710760', '-122.419190', 'Tewohvor kuumpa ukficwu ugser vun wacdocveb zetfuuw zaowfu cus ropoc fibevizo atcimdiz onwak feckez.', 'https://via.placeholder.com/514x355/6B9/fff/?text=PHOTO', 'https://via.placeholder.com/359x588/9B9/fff/?text=ICON', '2022-01-18 09:10:01'),
(63, 40, '37.743030', '-122.480780', 'Uwicorvuk erapitca ja gisoc moubuf bojoja vu momili lemefide muebru vag vuglipvih debkevket bacoreken nuvasiw fe.', 'https://via.placeholder.com/488x532/484/fff/?text=PHOTO', 'https://via.placeholder.com/381x423/B5A/fff/?text=ICON', '2020-12-12 22:42:07'),
(64, 48, '37.708700', '-122.457410', 'Mitosi poj zibujtu kumahdan ko sewgi nibvidu ufabewog cufupu te gokeke hahehmi zof ojo.', 'https://via.placeholder.com/498x399/875/fff/?text=PHOTO', 'https://via.placeholder.com/587x384/B3B/fff/?text=ICON', '2021-01-16 12:15:27'),
(65, 38, '37.673160', '-122.391650', 'Ola iti zusbusav kulajawa fit ivi mamnum jiw tapditeja gagak pilon juvwar pega aprik zov.', 'https://via.placeholder.com/356x500/A84/fff/?text=PHOTO', 'https://via.placeholder.com/395x497/567/fff/?text=ICON', '2021-12-07 17:55:41'),
(66, 25, '37.769380', '-122.419320', 'Tafuz cum ic asewzu birjazul wowezigag eri haba mup kajsiimu giga gacat ofewaf ebcucus zo.', 'https://via.placeholder.com/443x377/9BA/fff/?text=PHOTO', 'https://via.placeholder.com/548x394/796/fff/?text=ICON', '2021-07-17 07:40:03'),
(67, 35, '37.753570', '-122.489190', 'Need tigo bubbef nilab vitsol gu idihartu tedlipkiw ozicuug ejine dimuci semeosu iro zegamu ditlutop.', 'https://via.placeholder.com/478x560/873/fff/?text=PHOTO', 'https://via.placeholder.com/528x450/737/fff/?text=ICON', '2021-08-12 23:02:18'),
(68, 6, '37.713450', '-122.410140', 'Ovnu zezvistu ravsemubi naunka cefit owfo liag gaejku vanpezto huub zeuheba he oc luho neofejab.', 'https://via.placeholder.com/434x403/444/fff/?text=PHOTO', 'https://via.placeholder.com/434x355/896/fff/?text=ICON', '2020-09-06 10:44:34'),
(69, 22, '37.670460', '-122.374660', 'Nopgu opihi boz hovtuv tik wudoc mehes metfew coej bianowu sar has vonpuwu fifoc.', 'https://via.placeholder.com/579x482/4A4/fff/?text=PHOTO', 'https://via.placeholder.com/513x459/756/fff/?text=ICON', '2021-12-03 14:01:58'),
(70, 15, '37.761320', '-122.402350', 'Li je zu fupgeg guztinosa leffujso faji ubu piz vedol ze wicta repracu gos lo.', 'https://via.placeholder.com/490x370/6A7/fff/?text=PHOTO', 'https://via.placeholder.com/427x525/A86/fff/?text=ICON', '2021-05-03 01:48:49'),
(71, 25, '37.731090', '-122.457690', 'Nig nicicah lasvaf cus lilegupe dofac lerochud ge wokofizu levojozi izazo wamibzug.', 'https://via.placeholder.com/395x409/4A6/fff/?text=PHOTO', 'https://via.placeholder.com/464x464/5AA/fff/?text=ICON', '2022-05-16 14:07:50'),
(72, 29, '37.790870', '-122.419160', 'Fun mun sovo se ez mictuzto megun or fanifri wuspircod en emo.', 'https://via.placeholder.com/426x531/755/fff/?text=PHOTO', 'https://via.placeholder.com/582x401/797/fff/?text=ICON', '2020-02-21 05:53:41'),
(73, 46, '37.696940', '-122.380770', 'Ifziutu najisini vej sekcu has abekez ca faluce tihbeufe hohsauwe gu rapfonsu ovuiwoobi od.', 'https://via.placeholder.com/480x565/B48/fff/?text=PHOTO', 'https://via.placeholder.com/542x422/A34/fff/?text=ICON', '2022-05-08 15:13:49'),
(74, 5, '37.708890', '-122.423940', 'Rute goslok winesa hir vufsu badob uscimof kumilde ari macefoh nefucre usu.', 'https://via.placeholder.com/386x561/4B9/fff/?text=PHOTO', 'https://via.placeholder.com/476x448/333/fff/?text=ICON', '2022-01-28 22:50:12'),
(75, 17, '37.680430', '-122.477460', 'Na geod gududlu cesded ipunosit oklu buagwu gis po imo efzoji ar go ubausasu.', 'https://via.placeholder.com/486x596/7A7/fff/?text=PHOTO', 'https://via.placeholder.com/493x510/55A/fff/?text=ICON', '2021-01-22 00:56:21'),
(76, 40, '37.756180', '-122.383270', 'Riktate palazew wigiuk kecokalo teiho vuumjec karubku niwamwa naopnot kawgukdi vautuja nug ibfe jitcuvdil.', 'https://via.placeholder.com/470x456/4B5/fff/?text=PHOTO', 'https://via.placeholder.com/555x470/ABB/fff/?text=ICON', '2020-07-23 11:28:05'),
(77, 42, '37.711980', '-122.438180', 'Latted hucwuk wan luwa li niwme obra dis bosugke hofvova fohef ezij jinu zof id tow vezwisru muctut.', 'https://via.placeholder.com/370x531/958/fff/?text=PHOTO', 'https://via.placeholder.com/449x477/369/fff/?text=ICON', '2021-12-10 02:17:10'),
(78, 8, '37.706910', '-122.414280', 'Deazaliz meb cubirzuf zabecud opepjot ka etive akjooh pahapev lo funov dogipsi esmevluv nos.', 'https://via.placeholder.com/357x434/395/fff/?text=PHOTO', 'https://via.placeholder.com/448x510/9B8/fff/?text=ICON', '2020-09-20 01:47:25'),
(79, 5, '37.695900', '-122.381950', 'Awpe lajdu funlapan wen adjauc nivjud ic ruso ik ti om no bikos cu tus dirih ecami.', 'https://via.placeholder.com/524x596/477/fff/?text=PHOTO', 'https://via.placeholder.com/355x526/93A/fff/?text=ICON', '2020-11-19 17:47:33'),
(80, 25, '37.675830', '-122.383890', 'Ral ga bieh red emuvo eplicni ute lebba referwe so gij hic atebevez tibe.', 'https://via.placeholder.com/477x421/9AB/fff/?text=PHOTO', 'https://via.placeholder.com/449x564/7B5/fff/?text=ICON', '2020-09-15 19:31:29'),
(81, 38, '37.700860', '-122.465720', 'Gaforok ilgogpav itwugbi ni oljarvud macuj pieh sekaci fine ijhe li tu lozakwi luw guhhe har redu filopkep.', 'https://via.placeholder.com/554x433/867/fff/?text=PHOTO', 'https://via.placeholder.com/509x412/4AA/fff/?text=ICON', '2021-01-22 22:43:51'),
(82, 22, '37.793540', '-122.425060', 'De hikibe ifiegjo zeter huz mecuadi mivtuthuk huj be dupebiz fu zeluoce ukamo micah vaj horvi lub gipuvnin.', 'https://via.placeholder.com/433x568/453/fff/?text=PHOTO', 'https://via.placeholder.com/387x568/47A/fff/?text=ICON', '2021-01-12 06:03:28'),
(83, 20, '37.788830', '-122.441430', 'Za votbon bu hilfadzal wojsiuhi uzle digjises sot onrih ere upa hozure kum uvi.', 'https://via.placeholder.com/405x496/8BA/fff/?text=PHOTO', 'https://via.placeholder.com/589x589/3A4/fff/?text=ICON', '2021-08-19 21:19:14'),
(84, 12, '37.795480', '-122.479810', 'Vac lutuvbas ricpukis co tug za rozhopan filokut nigivofo ubhe ambedi ticsid muluv komtivvi.', 'https://via.placeholder.com/579x476/633/fff/?text=PHOTO', 'https://via.placeholder.com/559x590/594/fff/?text=ICON', '2021-10-03 00:31:35'),
(85, 20, '37.717230', '-122.473380', 'Rifgep caf kehet pellojes ifibew viliri wafbibug vec egafoz vedho rotumuj jeduzodab paf sehuk ubuza bolimgoz wurbu pidhiono.', 'https://via.placeholder.com/536x567/4B6/fff/?text=PHOTO', 'https://via.placeholder.com/408x418/AA5/fff/?text=ICON', '2022-06-21 02:27:56'),
(86, 9, '37.788380', '-122.389170', 'Mahus ubipaw bowoz rabpuro wepzoas apbobci rigab riud lip da anamu aho epaezuavu wuven.', 'https://via.placeholder.com/544x594/985/fff/?text=PHOTO', 'https://via.placeholder.com/506x600/998/fff/?text=ICON', '2022-04-28 18:13:53'),
(87, 47, '37.731560', '-122.419060', 'Zus vevhuvri obkuti gafwelal kiozsom cilzu adfevec loj soj omvefpe gelefi zuwnaih hu pubujtu ki.', 'https://via.placeholder.com/448x405/985/fff/?text=PHOTO', 'https://via.placeholder.com/406x579/6AB/fff/?text=ICON', '2020-05-26 16:52:14'),
(88, 50, '37.794110', '-122.449180', 'El dupaga ka hifi werutmo ki johga mosliv ril torad etusos baano rowuh.', 'https://via.placeholder.com/599x592/985/fff/?text=PHOTO', 'https://via.placeholder.com/373x388/377/fff/?text=ICON', '2020-12-31 09:10:33'),
(89, 13, '37.673300', '-122.484530', 'Debojame pep okavarfil gav meppin epa tiw goinhi nocur buhcefi gav unofaket.', 'https://via.placeholder.com/396x365/799/fff/?text=PHOTO', 'https://via.placeholder.com/385x495/84A/fff/?text=ICON', '2020-04-24 23:05:55'),
(90, 21, '37.759550', '-122.426510', 'Ziz vopkup az ju poofoc ukaukeut hicofi regfu lofgaic zaha tow ka ene.', 'https://via.placeholder.com/578x352/685/fff/?text=PHOTO', 'https://via.placeholder.com/550x403/893/fff/?text=ICON', '2020-06-09 23:31:05'),
(91, 37, '37.744340', '-122.370900', 'Robsulven ora gezifes rag pezwej oramik ab lat ufalohec cotsa jocdo naw faz isa.', 'https://via.placeholder.com/568x581/369/fff/?text=PHOTO', 'https://via.placeholder.com/509x364/7BB/fff/?text=ICON', '2022-10-23 05:30:56'),
(92, 1, '37.670550', '-122.419230', 'Telok zabvajvan gos dugrin so lol ecurutpi ru uda nusfe sasus bat cikjo.', 'https://via.placeholder.com/399x531/364/fff/?text=PHOTO', 'https://via.placeholder.com/472x556/453/fff/?text=ICON', '2021-08-24 11:04:09'),
(93, 13, '37.688680', '-122.387020', 'Bevcer tevca poz re goze loz abodaufi goj hiefvu tovvu usoz icopa jefoni.', 'https://via.placeholder.com/364x416/8B5/fff/?text=PHOTO', 'https://via.placeholder.com/366x356/BA8/fff/?text=ICON', '2022-02-27 06:10:08'),
(94, 13, '37.758230', '-122.497080', 'Waki of retfu hosejpeg ak toz ezusov pahre dewfu gefi dot ibemih.', 'https://via.placeholder.com/541x421/A53/fff/?text=PHOTO', 'https://via.placeholder.com/403x515/85A/fff/?text=ICON', '2022-07-16 10:13:37'),
(95, 9, '37.796020', '-122.475500', 'Kolim idu tebafvof noeha cazjuje ta kipcaha zi jo fifituz mijinja kudeze lubful ku jonevi ukmo.', 'https://via.placeholder.com/546x380/867/fff/?text=PHOTO', 'https://via.placeholder.com/492x496/444/fff/?text=ICON', '2020-01-25 06:32:36'),
(96, 45, '37.724610', '-122.481250', 'On uzhi ne latnaw ogbu le cu wi te bo owu cubuwuwu zenuse me jutrul evanun fisetuwol otlit.', 'https://via.placeholder.com/452x598/3B4/fff/?text=PHOTO', 'https://via.placeholder.com/485x504/339/fff/?text=ICON', '2020-06-23 18:07:56'),
(97, 26, '37.729930', '-122.490740', 'Jinritle ede kep rule sirkap pocgoka jaramha isorudfe forleswel sec imnus nozuzse ginujwi ad uhcofsop elisirmif.', 'https://via.placeholder.com/510x451/A83/fff/?text=PHOTO', 'https://via.placeholder.com/491x538/7A6/fff/?text=ICON', '2020-04-22 15:20:42'),
(98, 45, '37.745840', '-122.461890', 'Wu se dup wipbu roba birhil mi huwef vuz keec ajonej demzefkir zeifbes we veztu kujmuw wasowha zik.', 'https://via.placeholder.com/574x486/496/fff/?text=PHOTO', 'https://via.placeholder.com/525x486/544/fff/?text=ICON', '2021-05-03 15:19:25'),
(99, 40, '37.758750', '-122.449270', 'Faf ogiduswil vu taforade hak ji iravazuh sormopfi finjernu ubu du min datbi.', 'https://via.placeholder.com/410x375/BAB/fff/?text=PHOTO', 'https://via.placeholder.com/437x386/765/fff/?text=ICON', '2021-10-29 03:55:52'),
(100, 36, '37.707840', '-122.385180', 'On me elug em rufubcaf ja ozmof cor catic fa jup rolra zuctu piriem fad zeppib jihilaape.', 'https://via.placeholder.com/556x437/AB4/fff/?text=PHOTO', 'https://via.placeholder.com/485x579/44A/fff/?text=ICON', '2020-07-17 11:58:01'),
(101, 32, '37.758660', '-122.460930', 'Ruvugic odo heapi ta uhe itujuluk wuzez agdi eknuac giuke wiih av ejipoih.', 'https://via.placeholder.com/357x396/68A/fff/?text=PHOTO', 'https://via.placeholder.com/407x431/949/fff/?text=ICON', '2022-04-08 13:43:48'),
(102, 22, '37.685130', '-122.434010', 'Holaf obu hinvor cat pa vi boorvik wapmetep cahihso lurke kit rekze cotwuhga biva porule ziziek evwi.', 'https://via.placeholder.com/578x542/A8A/fff/?text=PHOTO', 'https://via.placeholder.com/599x431/888/fff/?text=ICON', '2021-10-29 07:37:59'),
(103, 2, '37.701430', '-122.377410', 'Ocul imuuf zi fouwopo kel jib ge rizor uvazge su ozeipe to wupe.', 'https://via.placeholder.com/577x541/595/fff/?text=PHOTO', 'https://via.placeholder.com/518x390/664/fff/?text=ICON', '2020-12-31 23:22:14'),
(104, 22, '37.787030', '-122.480520', 'Heh bu onaw vinhiw vod tavgew ubka papi tijaev uvosekda zarnapiw azcu ko fudfurtu.', 'https://via.placeholder.com/539x380/866/fff/?text=PHOTO', 'https://via.placeholder.com/441x488/959/fff/?text=ICON', '2022-03-31 07:07:56'),
(105, 32, '37.789680', '-122.436300', 'Mifid busol giljedu su gongim ubuotilo katsa zakofsof ize nahiita bahfavber nam jaito laguur ekazid cafmu wodizrij.', 'https://via.placeholder.com/397x424/836/fff/?text=PHOTO', 'https://via.placeholder.com/428x502/763/fff/?text=ICON', '2020-06-18 21:17:08'),
(106, 35, '37.675910', '-122.483320', 'Zenac ornu da ida wizlokbo wiwpug efazargiv avrim ge nanlojazu obako udo epezgil zila re oh cisnehjo dun.', 'https://via.placeholder.com/440x599/85B/fff/?text=PHOTO', 'https://via.placeholder.com/361x418/648/fff/?text=ICON', '2021-11-05 02:40:59'),
(107, 45, '37.670240', '-122.480180', 'Rih ciucutig wi ewaw to urzek lumpe cothetne gelu di okme toka gepa inwi we ta.', 'https://via.placeholder.com/450x495/886/fff/?text=PHOTO', 'https://via.placeholder.com/418x407/57A/fff/?text=ICON', '2022-09-26 05:16:15'),
(108, 2, '37.736310', '-122.418510', 'Wefojbez obbodcon nelu tem le koduci tamimiir duvbug kiniof sis keknume hu zuveup solumicoh.', 'https://via.placeholder.com/531x588/75A/fff/?text=PHOTO', 'https://via.placeholder.com/491x533/B7A/fff/?text=ICON', '2020-07-24 05:42:55'),
(109, 18, '37.707910', '-122.463270', 'Ezuovupav wu da uze ase tu liusna uvi cub voku na vuslapuz fo be petezuteh hitbi.', 'https://via.placeholder.com/398x370/497/fff/?text=PHOTO', 'https://via.placeholder.com/404x394/73A/fff/?text=ICON', '2020-11-12 05:22:56'),
(110, 28, '37.740760', '-122.385950', 'Vut leeguwe dercumib mahizogip tiifnam vet hil jolzolot vo aki vivrob carezvob.', 'https://via.placeholder.com/578x596/587/fff/?text=PHOTO', 'https://via.placeholder.com/502x403/54A/fff/?text=ICON', '2020-07-29 18:20:38'),
(111, 20, '37.732220', '-122.445740', 'Ob hodusot iwifogzuf suf foke gohij ezi am sej deg ce mitofnoj zop fewoj ho.', 'https://via.placeholder.com/550x413/8B4/fff/?text=PHOTO', 'https://via.placeholder.com/432x574/5B5/fff/?text=ICON', '2020-05-28 08:50:42'),
(112, 29, '37.732130', '-122.399080', 'Cahu memhiko duehe tincitgu do perzim fizib biadme uro owozokpoj ok ek jiezude zubawju epi mozog uci le.', 'https://via.placeholder.com/563x580/35B/fff/?text=PHOTO', 'https://via.placeholder.com/455x548/77A/fff/?text=ICON', '2021-11-30 16:18:57'),
(113, 32, '37.771300', '-122.436230', 'Ralcurgop gij giaju wojmow paplonip hiftij cih limwe ogosavkur hofmur op isipu uwcag imifop.', 'https://via.placeholder.com/512x442/888/fff/?text=PHOTO', 'https://via.placeholder.com/431x426/B54/fff/?text=ICON', '2020-03-15 18:11:33'),
(114, 25, '37.681260', '-122.392380', 'Gaf takevefeb kiciko vohcoso ede ru hajgi bacmaoci cecbarvor cimnejec pagpoc zaduha.', 'https://via.placeholder.com/382x499/7B5/fff/?text=PHOTO', 'https://via.placeholder.com/518x421/B55/fff/?text=ICON', '2021-10-11 22:59:10'),
(115, 12, '37.682350', '-122.418360', 'Mem giljuw usozalo ez hip zew sos nuwlaphah mekhi ulhici tor uka gus dazcizdab.', 'https://via.placeholder.com/507x548/A5A/fff/?text=PHOTO', 'https://via.placeholder.com/561x384/976/fff/?text=ICON', '2022-03-27 01:21:17'),
(116, 32, '37.764070', '-122.425740', 'Zufu opafe potij ka bosa sotatban jubjog jossav kug ba polteow obuefehi.', 'https://via.placeholder.com/495x564/63A/fff/?text=PHOTO', 'https://via.placeholder.com/566x456/8A3/fff/?text=ICON', '2022-06-14 08:12:27'),
(117, 46, '37.781870', '-122.448780', 'Iwvabged zu jinalas paho mo omlowej guhubuh durilu ik uropib konosri sovagja gor hu mincu raasmap moceb nozsuvci.', 'https://via.placeholder.com/600x362/737/fff/?text=PHOTO', 'https://via.placeholder.com/445x450/533/fff/?text=ICON', '2020-03-09 09:29:15'),
(118, 13, '37.759610', '-122.493030', 'Ifanubib mujnij kufvi hohovzaf zudzaf ugeej zimhaj emdik hibirec foz akcistij veh rarjit ofeohoku.', 'https://via.placeholder.com/385x565/599/fff/?text=PHOTO', 'https://via.placeholder.com/356x564/87B/fff/?text=ICON', '2022-05-28 19:32:25'),
(119, 35, '37.769160', '-122.434090', 'Gagise tu melapu ofjimfi koclas fajduno witnarana su jaowwup busrelrig desho vibi.', 'https://via.placeholder.com/377x571/A65/fff/?text=PHOTO', 'https://via.placeholder.com/504x579/478/fff/?text=ICON', '2021-05-13 20:31:14'),
(120, 37, '37.682680', '-122.488670', 'Maf foje toptertod ak olu akap ridowul ihojuwviw gi evjone lohpeptom waj ujowwa nehob niovu jebutwa.', 'https://via.placeholder.com/554x489/588/fff/?text=PHOTO', 'https://via.placeholder.com/496x505/738/fff/?text=ICON', '2020-11-10 08:55:10'),
(121, 18, '37.771050', '-122.419260', 'Kana ikgar bevu isa eleni jo uv pula dufu edwogbo loj nok borhohdek nebuwde uk.', 'https://via.placeholder.com/559x459/546/fff/?text=PHOTO', 'https://via.placeholder.com/436x518/787/fff/?text=ICON', '2022-07-09 02:38:30'),
(122, 11, '37.710070', '-122.486740', 'Atbove mirmo cod om ohiwir vos sinu gopmugha tor donle rigcujo fo no wajfu omnihjo ler mokjunko.', 'https://via.placeholder.com/388x574/594/fff/?text=PHOTO', 'https://via.placeholder.com/390x584/A6A/fff/?text=ICON', '2021-07-28 13:52:42'),
(123, 5, '37.712820', '-122.483080', 'Okuifo tuvuc si it ogil lebeljo dagaer ative zewmot kinvoj ahepafawa ju ekowor keamu diwecaoh.', 'https://via.placeholder.com/596x522/839/fff/?text=PHOTO', 'https://via.placeholder.com/452x597/885/fff/?text=ICON', '2020-03-18 04:33:09'),
(124, 34, '37.752180', '-122.402020', 'Ete vi feluzwo jocagiup sife pehuwka zed rukilit kuva tit genzi tibaza mi oca mool waki ba.', 'https://via.placeholder.com/581x448/74A/fff/?text=PHOTO', 'https://via.placeholder.com/583x570/54A/fff/?text=ICON', '2022-02-01 02:13:25'),
(125, 15, '37.749600', '-122.464750', 'Ocotupe zah sufosveb bo zib sazec ul fipsakuv umezo jerja dufmiuj giafe gi vok pupmosotu naet.', 'https://via.placeholder.com/382x384/579/fff/?text=PHOTO', 'https://via.placeholder.com/447x508/63B/fff/?text=ICON', '2022-07-24 21:14:11'),
(126, 28, '37.740100', '-122.386840', 'Wowge gesa nuhsi rak bab luj rit ige hiofa wu ajipenim idaufiije tu ke fuba tathapo jakuziciv.', 'https://via.placeholder.com/486x414/6BA/fff/?text=PHOTO', 'https://via.placeholder.com/446x525/4B9/fff/?text=ICON', '2021-05-22 22:52:02'),
(127, 49, '37.794410', '-122.489600', 'Mej bu jugil mihazmo rimuepu kasku ce ufboge vot mupefu lesepo wa hetezina ciukado nibug.', 'https://via.placeholder.com/535x510/674/fff/?text=PHOTO', 'https://via.placeholder.com/579x445/A9A/fff/?text=ICON', '2020-11-08 22:52:12'),
(128, 15, '37.793250', '-122.399820', 'Ibuse ci lalogi mur egtokuh lavitain wewa vavipa im ce amizu ruhuwa or toubi ahehu.', 'https://via.placeholder.com/360x358/A7B/fff/?text=PHOTO', 'https://via.placeholder.com/505x426/363/fff/?text=ICON', '2020-09-05 11:31:10'),
(129, 3, '37.681780', '-122.385330', 'Owma bezi dah fulpuh esuetma gi ubapuj rosafhen awidoheh vi go hahod bama faeshi.', 'https://via.placeholder.com/523x454/665/fff/?text=PHOTO', 'https://via.placeholder.com/577x599/356/fff/?text=ICON', '2021-07-28 10:01:39'),
(130, 12, '37.741560', '-122.439620', 'Ofohi tezab weahe agoalpa mu tisfehbeh vi loffud hevho pas dasegja mir.', 'https://via.placeholder.com/433x376/3B5/fff/?text=PHOTO', 'https://via.placeholder.com/481x447/76A/fff/?text=ICON', '2021-12-24 13:26:04'),
(131, 16, '37.772440', '-122.418820', 'Rav tosel moano tej gatil ij bapkot muhab gim uteseov ko isako vunvu.', 'https://via.placeholder.com/564x493/977/fff/?text=PHOTO', 'https://via.placeholder.com/393x397/533/fff/?text=ICON', '2022-04-27 14:37:37'),
(132, 36, '37.731940', '-122.459910', 'Lu witasni sim nuufaka izazedul jipas vejosok kehsaco cibew kiloren deol gekafbe edalaztan je tutfo orlu ocowicvap bobu.', 'https://via.placeholder.com/411x457/B75/fff/?text=PHOTO', 'https://via.placeholder.com/410x372/4A3/fff/?text=ICON', '2021-12-24 23:26:35'),
(133, 48, '37.711390', '-122.451100', 'Ulnaw bufmep wakmar fesjepor loc juji of zedec ca sevilfil mitob maj.', 'https://via.placeholder.com/484x463/949/fff/?text=PHOTO', 'https://via.placeholder.com/367x415/8A5/fff/?text=ICON', '2022-01-14 03:22:41'),
(134, 39, '37.762460', '-122.418890', 'Menvuf rokijehen pow juk visa jesucsiw enledziv gacanda afi rapuzuna lafosriz ne ak.', 'https://via.placeholder.com/589x394/588/fff/?text=PHOTO', 'https://via.placeholder.com/409x445/548/fff/?text=ICON', '2020-09-04 15:23:43'),
(135, 1, '37.749820', '-122.409370', 'Pow higed nonuzu uramelpes orowifar baz lolbov wam secucero hecil se anru ipji melnirweh mohawe abeduk zi waazoji.', 'https://via.placeholder.com/488x356/597/fff/?text=PHOTO', 'https://via.placeholder.com/496x583/957/fff/?text=ICON', '2020-02-22 15:53:16'),
(136, 27, '37.757720', '-122.395890', 'Fiz bav naskadbod avta he fohnuhlu remwecik zawkiz muisude ev jupomihi it vup zej.', 'https://via.placeholder.com/517x402/AA7/fff/?text=PHOTO', 'https://via.placeholder.com/417x462/56A/fff/?text=ICON', '2022-09-15 06:23:26'),
(137, 33, '37.682000', '-122.428170', 'Bava vudzepjo lo fafhaice tu cezbat uzdu lesimif tesse votumuuwu onuulri doc sosom.', 'https://via.placeholder.com/544x429/B37/fff/?text=PHOTO', 'https://via.placeholder.com/478x389/633/fff/?text=ICON', '2022-03-31 11:09:08'),
(138, 44, '37.759600', '-122.417760', 'Pe zu wuphe ral ucaricel kefwaclu le onugipcu anomol edin fitna ra ispujne kulrim ratocik udo.', 'https://via.placeholder.com/356x543/AA7/fff/?text=PHOTO', 'https://via.placeholder.com/434x516/465/fff/?text=ICON', '2022-08-31 02:04:47'),
(139, 29, '37.779600', '-122.426470', 'Miifdeb jicozsuw vojo wijap gunlowvi misapsu ekuure fefje ovwa reim mislipjuf ba lob bu hotvu zoibi calel.', 'https://via.placeholder.com/487x483/347/fff/?text=PHOTO', 'https://via.placeholder.com/384x517/344/fff/?text=ICON', '2020-10-21 20:39:21'),
(140, 43, '37.790630', '-122.424300', 'Bip gi dejhez ipe mapwir lunme vo enme gucmi jid eriduzaj makjer ag.', 'https://via.placeholder.com/481x498/BB5/fff/?text=PHOTO', 'https://via.placeholder.com/395x405/767/fff/?text=ICON', '2020-03-06 11:30:35'),
(141, 48, '37.729340', '-122.371050', 'Ufa upgaw mak olta sutus ihiva inori ec dic otdef awaevkif hezfoj.', 'https://via.placeholder.com/372x562/96A/fff/?text=PHOTO', 'https://via.placeholder.com/490x551/983/fff/?text=ICON', '2021-11-30 02:54:26'),
(142, 9, '37.681270', '-122.391870', 'Cet amo ro odgoaza opiw nuda jokedroj it cot ni na zima iteke dubutud hir tusinhi karmibi pe.', 'https://via.placeholder.com/513x460/A36/fff/?text=PHOTO', 'https://via.placeholder.com/410x551/577/fff/?text=ICON', '2020-02-28 09:42:15'),
(143, 8, '37.725490', '-122.419360', 'Obo da zo nususlo is igceriw gig avjerlaz ge isiikik gesim wu uvasoot ulo unanofewi gatu.', 'https://via.placeholder.com/571x587/58B/fff/?text=PHOTO', 'https://via.placeholder.com/521x393/55B/fff/?text=ICON', '2022-09-17 07:44:48'),
(144, 7, '37.752480', '-122.445560', 'Gunri gel lezsi ninefucu huwedocu nomij nuda sorit abailwo kajvijki wabtan cuvvabu vo.', 'https://via.placeholder.com/404x483/699/fff/?text=PHOTO', 'https://via.placeholder.com/590x444/985/fff/?text=ICON', '2020-03-29 09:54:28'),
(145, 33, '37.737360', '-122.480190', 'Ed mewebve uwapewed pa izofa zok ej pimvu ima vok el he porod jiota gu.', 'https://via.placeholder.com/425x566/83A/fff/?text=PHOTO', 'https://via.placeholder.com/474x584/745/fff/?text=ICON', '2022-04-17 13:25:27'),
(146, 27, '37.694830', '-122.460960', 'Zoboso wimu pebifhi fufop vugupce limmuzuw hap wibun laka pezduf re sufodi pab bokan.', 'https://via.placeholder.com/427x425/984/fff/?text=PHOTO', 'https://via.placeholder.com/360x528/4BB/fff/?text=ICON', '2022-01-16 09:15:52'),
(147, 37, '37.746600', '-122.411610', 'Wal varib zipbu gusbatwe mituv sospimot kutupos rul gozgega wihfab amir aho.', 'https://via.placeholder.com/429x525/648/fff/?text=PHOTO', 'https://via.placeholder.com/385x492/766/fff/?text=ICON', '2020-10-26 06:49:45'),
(148, 22, '37.715290', '-122.394660', 'Fivwidi kivuabi ore onfi juctebcaj li ewuniwte duwurepor ewudozha wufpe nu ak ewrom otfisgum ipvo.', 'https://via.placeholder.com/465x501/773/fff/?text=PHOTO', 'https://via.placeholder.com/461x547/49A/fff/?text=ICON', '2021-09-19 12:18:57'),
(149, 41, '37.678840', '-122.443490', 'Huge vopanvo ugepe ageceizo afo cab vam doli pucu sulagi sawu fepkahman nalik.', 'https://via.placeholder.com/383x490/5B7/fff/?text=PHOTO', 'https://via.placeholder.com/503x559/4B3/fff/?text=ICON', '2022-01-28 04:41:07'),
(150, 44, '37.754480', '-122.387080', 'Dak pahandu vel no li zagruem jewiv muhisbu wo oteov iwivacro zazsema icuju.', 'https://via.placeholder.com/488x434/B94/fff/?text=PHOTO', 'https://via.placeholder.com/582x470/995/fff/?text=ICON', '2020-04-24 01:17:35'),
(151, 12, '37.671250', '-122.410140', 'Umu tepa del bujawco nemgak gabonajit wimu ju vois ej zo moosebeb arhobav.', 'https://via.placeholder.com/388x402/4A4/fff/?text=PHOTO', 'https://via.placeholder.com/409x377/7B8/fff/?text=ICON', '2022-07-20 14:51:28'),
(152, 22, '37.684210', '-122.479800', 'Ke sofnokej jijvev itgebpis hus ika igtu bidwezha fe jicoh mu lurgecraw mip.', 'https://via.placeholder.com/588x408/983/fff/?text=PHOTO', 'https://via.placeholder.com/372x437/A35/fff/?text=ICON', '2022-02-22 17:03:36'),
(153, 21, '37.788310', '-122.462840', 'Jaj meibu kewse eduaw vuh vijazdoj urpuw devaf vegece ujinic rub segan razvug duwfaes og ca naepa.', 'https://via.placeholder.com/581x539/396/fff/?text=PHOTO', 'https://via.placeholder.com/370x580/B66/fff/?text=ICON', '2022-02-08 04:37:41'),
(154, 21, '37.704320', '-122.496240', 'Hopowu si mumot gol ika lufi zoketle ki afejife foze fatur tac bivfurfe vivewco givtiwi ehuki cop ih.', 'https://via.placeholder.com/402x405/56B/fff/?text=PHOTO', 'https://via.placeholder.com/481x524/856/fff/?text=ICON', '2021-05-26 20:35:40'),
(155, 15, '37.710920', '-122.453360', 'Bofsi ulo cezola jic fitpal boreabo biswej zeguh ubi mide pom kujdizib.', 'https://via.placeholder.com/512x555/565/fff/?text=PHOTO', 'https://via.placeholder.com/403x527/945/fff/?text=ICON', '2022-08-27 20:16:37'),
(156, 24, '37.764570', '-122.423430', 'Utoen opomah tu zovetpo hu komwelta nodjev epafonhe ma bullecdu korcut icipa gitwid gak ip ge gese.', 'https://via.placeholder.com/442x495/839/fff/?text=PHOTO', 'https://via.placeholder.com/514x404/76A/fff/?text=ICON', '2022-04-24 17:41:50'),
(157, 17, '37.726580', '-122.468780', 'Vajvicu iguucsic wugbe pujo kosatigo ecen debo fupentoc ivauv af pozwogo sisunwub tavu gadzingef haob.', 'https://via.placeholder.com/350x445/A58/fff/?text=PHOTO', 'https://via.placeholder.com/551x516/359/fff/?text=ICON', '2020-06-25 04:01:34'),
(158, 17, '37.769090', '-122.461120', 'Su wesnapmof wipbiciv godbomed cozzu emi no hega fuukijo vol uh docdusciw zad uru cal tut morelobu som.', 'https://via.placeholder.com/538x527/876/fff/?text=PHOTO', 'https://via.placeholder.com/487x555/458/fff/?text=ICON', '2021-04-14 08:13:59'),
(159, 44, '37.757620', '-122.451390', 'Unuwuab pun wud cep zi sakon ottop tekodsez mu gi baomlun vioj du bej es siphoaj okomoehu.', 'https://via.placeholder.com/573x525/87B/fff/?text=PHOTO', 'https://via.placeholder.com/453x353/A49/fff/?text=ICON', '2020-01-03 17:51:08'),
(160, 31, '37.798850', '-122.389540', 'Bumata hiisoge rejew obinori ki sokecem cub hokuco uwibu imfe vos umve zedwuw hizuh fizbezjus.', 'https://via.placeholder.com/524x545/895/fff/?text=PHOTO', 'https://via.placeholder.com/402x598/A78/fff/?text=ICON', '2022-08-29 22:34:38'),
(161, 43, '37.732500', '-122.375280', 'Wij fiswazna ziinona daworob eda dardaj lageg ucweho tiinu putuwnev natnez ziaz vogigwa hasovaufi.', 'https://via.placeholder.com/540x509/BA5/fff/?text=PHOTO', 'https://via.placeholder.com/415x437/8B9/fff/?text=ICON', '2022-09-01 13:46:55'),
(162, 25, '37.713430', '-122.452920', 'Duwiv tuwoba jam diohu cogum tovuk mo bitzejlu mes pephe seima peideze retvebza kuhcemug.', 'https://via.placeholder.com/378x553/88A/fff/?text=PHOTO', 'https://via.placeholder.com/502x392/885/fff/?text=ICON', '2022-06-29 20:47:43'),
(163, 38, '37.788720', '-122.457340', 'Pazne jep votodezo wig inraka eg ilo ga naszaghu boaludi ojpar vofag geves neate horpikfiw cese.', 'https://via.placeholder.com/410x526/3A9/fff/?text=PHOTO', 'https://via.placeholder.com/583x533/77A/fff/?text=ICON', '2020-11-05 12:17:45'),
(164, 45, '37.713360', '-122.378890', 'Formenus vuc wo wih juhde geved bef buw ufe sasja vet cok ju vejasuw akigato nioho suvudzab lizbeat.', 'https://via.placeholder.com/414x435/763/fff/?text=PHOTO', 'https://via.placeholder.com/578x360/A83/fff/?text=ICON', '2020-02-09 16:48:13'),
(165, 43, '37.734200', '-122.423570', 'Zufolup baz ode fo vul epef lepci gewovu ak lib pu wocgibpe awu uboza risashe werdawwa fuf.', 'https://via.placeholder.com/467x392/47A/fff/?text=PHOTO', 'https://via.placeholder.com/570x453/A3B/fff/?text=ICON', '2020-07-25 21:53:51'),
(166, 30, '37.714510', '-122.479610', 'Dolgadeco wik vomid kosefol bo luripcu icocun ikfu kocebiz mibwa ral hukuc.', 'https://via.placeholder.com/425x465/944/fff/?text=PHOTO', 'https://via.placeholder.com/438x565/897/fff/?text=ICON', '2021-03-29 04:18:56'),
(167, 30, '37.690390', '-122.456990', 'Devu otoz soned wessegiv kedneji lad wafgekfer az jatile duak losucole orotozmim cipirmun ruaco.', 'https://via.placeholder.com/365x404/A99/fff/?text=PHOTO', 'https://via.placeholder.com/427x368/A39/fff/?text=ICON', '2022-02-07 20:27:09'),
(168, 25, '37.696330', '-122.471910', 'Kalboga ikoazu wi tibna nomawek sas aclucaw vokbam vupis bon dujsi ti mivba.', 'https://via.placeholder.com/404x394/BAB/fff/?text=PHOTO', 'https://via.placeholder.com/565x427/5AB/fff/?text=ICON', '2020-04-04 22:24:30'),
(169, 6, '37.779010', '-122.435890', 'Legmir mav demelac fub vaksuwkif bidom je kil tofreb mew pibabal tipbukjap epeh befu ide kuig rait.', 'https://via.placeholder.com/549x508/7AA/fff/?text=PHOTO', 'https://via.placeholder.com/414x414/335/fff/?text=ICON', '2021-11-16 12:04:57'),
(170, 39, '37.796480', '-122.406550', 'Depobifu hot izaf vudubuli hobgemro us viupe nakgan pa hubukvu be susde it mabojwu ve tirbaej jag.', 'https://via.placeholder.com/502x576/679/fff/?text=PHOTO', 'https://via.placeholder.com/452x456/63B/fff/?text=ICON', '2022-03-23 05:51:21'),
(171, 6, '37.797260', '-122.405050', 'Zu zonepezez kigo fu tablapfa guv ru lildaci torwi evesaz ruas imdocef imonor nosbe rekpid opaiv mekwes.', 'https://via.placeholder.com/451x546/657/fff/?text=PHOTO', 'https://via.placeholder.com/535x378/B83/fff/?text=ICON', '2020-10-29 01:19:04'),
(172, 15, '37.733310', '-122.404990', 'Ziwizfa luwici soguas ti tulek ceukilar ga nazpa ger bawbil ebuonza wuphebes dopuz iheduler lutjudzi kubtu ir.', 'https://via.placeholder.com/419x351/559/fff/?text=PHOTO', 'https://via.placeholder.com/560x401/933/fff/?text=ICON', '2020-11-10 12:05:32'),
(173, 22, '37.778700', '-122.454860', 'Opvit reb tohumikum ojzozed di eblo we wowsiwut otaebi ta kimiz ko hed bucul ra.', 'https://via.placeholder.com/554x433/479/fff/?text=PHOTO', 'https://via.placeholder.com/498x377/865/fff/?text=ICON', '2022-01-03 14:09:48'),
(174, 15, '37.788690', '-122.458540', 'Mufu ner ecda celwob vo ca hec peenavak tabig vusir opis le kidva zevdojfe igpi pu pijcur.', 'https://via.placeholder.com/365x483/343/fff/?text=PHOTO', 'https://via.placeholder.com/501x525/63B/fff/?text=ICON', '2020-09-17 10:37:05'),
(175, 34, '37.679900', '-122.476260', 'Ke weewa kikveor gopvo homaphi rujrolhom oggoez tuletok fuzgifup cen pakifit lanlecde sip jopo tuzojek suzapoc paf soz.', 'https://via.placeholder.com/397x544/45A/fff/?text=PHOTO', 'https://via.placeholder.com/419x419/86A/fff/?text=ICON', '2020-01-24 12:03:07'),
(176, 9, '37.746010', '-122.492190', 'So nut ojfe etpo sifhemup kus vannigah wenejif beuvdof agpahu gojrepu zizpohuh puvgi iti hisa cic.', 'https://via.placeholder.com/449x519/64B/fff/?text=PHOTO', 'https://via.placeholder.com/578x472/355/fff/?text=ICON', '2020-09-05 01:21:57'),
(177, 41, '37.727940', '-122.430600', 'Isihufuw ibekoj soha wotap vih jeb vefdek kozsusbij lele umdap ho loh me gofi oha cefezman malfe fogsos.', 'https://via.placeholder.com/593x420/653/fff/?text=PHOTO', 'https://via.placeholder.com/548x479/334/fff/?text=ICON', '2020-08-14 07:56:45'),
(178, 45, '37.767080', '-122.373290', 'Ufceg akure su fekmol zuwvirso cevbirjus zotto paho tufu ca masij vo bef gopefoza bucsiw zep os wotdu.', 'https://via.placeholder.com/381x517/998/fff/?text=PHOTO', 'https://via.placeholder.com/436x356/777/fff/?text=ICON', '2022-02-08 03:51:45'),
(179, 9, '37.758230', '-122.453780', 'Orcor po owtuce asleje rifeta seleed zoorecu cuuji imopuv mepe cas ge misupid oj heruzit cusaci tejfarzad jar.', 'https://via.placeholder.com/368x593/A77/fff/?text=PHOTO', 'https://via.placeholder.com/486x419/963/fff/?text=ICON', '2022-08-12 03:26:55'),
(180, 16, '37.720440', '-122.401040', 'Lu vopem lokedu ewi cacnu teta sucriv sasera tu sakondus akanobes zadzan zun.', 'https://via.placeholder.com/554x437/797/fff/?text=PHOTO', 'https://via.placeholder.com/435x582/57A/fff/?text=ICON', '2020-11-11 22:46:17'),
(181, 16, '37.696430', '-122.439560', 'Weg mopeuta benfekrer ti jejed facuen hemigmel obpu ju ehjow wan rudahe ho olimes nebot gi opja wuofpo.', 'https://via.placeholder.com/396x429/386/fff/?text=PHOTO', 'https://via.placeholder.com/542x537/964/fff/?text=ICON', '2022-08-08 11:22:16'),
(182, 48, '37.774430', '-122.398770', 'Kosmak tikjehhi covnu moofpi muvtodroc nahvibzo mi ro med vilaot lum ag fihu emejon.', 'https://via.placeholder.com/390x598/986/fff/?text=PHOTO', 'https://via.placeholder.com/354x459/96B/fff/?text=ICON', '2020-04-25 20:56:32'),
(183, 11, '37.754060', '-122.429650', 'Rahika luzvavko ufealado ragcisguc zesiz cafukebi cah vu lonku himewo jijicsi si olmiw suz.', 'https://via.placeholder.com/594x435/933/fff/?text=PHOTO', 'https://via.placeholder.com/374x360/774/fff/?text=ICON', '2021-12-13 05:02:19'),
(184, 21, '37.786860', '-122.373680', 'Sag melfa epo beome la gok he kofkid jo moterje butihrag po pe lic huufa kufid.', 'https://via.placeholder.com/406x481/665/fff/?text=PHOTO', 'https://via.placeholder.com/399x529/786/fff/?text=ICON', '2021-02-23 16:08:47'),
(185, 2, '37.689730', '-122.490760', 'Vudpuez rizafo wuvbunpo jok nekmeju elofeunu me hepiw so izuj luj taweru zieno erwiput hobjefra vomhazar nufufu.', 'https://via.placeholder.com/433x368/3AB/fff/?text=PHOTO', 'https://via.placeholder.com/392x544/693/fff/?text=ICON', '2022-01-14 08:57:26');
INSERT INTO `track_202290_locations` (`id`, `animal_id`, `lat`, `lng`, `description`, `photo`, `icon`, `date_create`) VALUES
(186, 4, '37.706530', '-122.418510', 'Ge zanhaguj igehir ozzazot mubebusu cus bomen rup ruk atu wiur ew be ewoko ifi.', 'https://via.placeholder.com/430x373/9AB/fff/?text=PHOTO', 'https://via.placeholder.com/502x585/887/fff/?text=ICON', '2020-07-06 04:05:40'),
(187, 35, '37.695980', '-122.374210', 'Ihizo nozapgu co ji zi bezu zu nekadba ohjapas naselu bedapi cotmecil ejazuhih.', 'https://via.placeholder.com/552x443/59A/fff/?text=PHOTO', 'https://via.placeholder.com/410x600/744/fff/?text=ICON', '2020-08-04 23:27:04'),
(188, 2, '37.746720', '-122.418260', 'Donzoan ocziddoc dabom edwi isaivuni wimalnep ustatti jewfonuzo kih upgatub falfus tahhussif kojpimov ohepus zi mut.', 'https://via.placeholder.com/549x595/454/fff/?text=PHOTO', 'https://via.placeholder.com/520x404/953/fff/?text=ICON', '2022-08-22 21:38:14'),
(189, 50, '37.741190', '-122.415270', 'Oh wehozir firhedse fim duk ha pigugar ifowu ba uhi hebjic jupad ugvasfi.', 'https://via.placeholder.com/408x477/978/fff/?text=PHOTO', 'https://via.placeholder.com/517x530/49B/fff/?text=ICON', '2020-03-21 13:56:07'),
(190, 23, '37.741930', '-122.382650', 'Har toal jubsug ke heaku javmozaga nuemjev bi ga tinzo fufaohe iriuru cilu jen ub.', 'https://via.placeholder.com/514x350/567/fff/?text=PHOTO', 'https://via.placeholder.com/391x367/467/fff/?text=ICON', '2021-08-16 03:37:46'),
(191, 8, '37.690190', '-122.404950', 'Egihpe cokeviw zopa pos ijasra oh mulsazu ke culihav mowjiepu wufro zebebe norowi voenawar ifuenamat badibu ledif jefenti.', 'https://via.placeholder.com/517x458/A48/fff/?text=PHOTO', 'https://via.placeholder.com/528x404/673/fff/?text=ICON', '2021-07-27 21:56:51'),
(192, 15, '37.780570', '-122.435020', 'Fijwi buphizop iwameil rar aluupa on zot videt ivgevve purohgam ad iv na.', 'https://via.placeholder.com/574x531/683/fff/?text=PHOTO', 'https://via.placeholder.com/396x429/633/fff/?text=ICON', '2021-04-11 07:10:09'),
(193, 1, '37.737420', '-122.423270', 'Ulasel fuvuh foran ko tagza kiwo kutat paw hirap he ci wema udogeg virpavic.', 'https://via.placeholder.com/380x568/BA3/fff/?text=PHOTO', 'https://via.placeholder.com/519x600/BBB/fff/?text=ICON', '2021-01-10 18:03:51'),
(194, 50, '37.691050', '-122.453250', 'Uhdob ku eg zomculji naraw jiw tipohiri pe ewopani mahuc ki hadpo.', 'https://via.placeholder.com/482x547/A45/fff/?text=PHOTO', 'https://via.placeholder.com/462x590/3B5/fff/?text=ICON', '2022-07-19 05:47:02'),
(195, 6, '37.739630', '-122.497900', 'Ogo ko ilvolwo ebne aka laggehnan hiwhe wihujera jougu pazrucob sub ucni lochone ezcaruw.', 'https://via.placeholder.com/416x498/568/fff/?text=PHOTO', 'https://via.placeholder.com/471x373/758/fff/?text=ICON', '2021-10-28 16:41:12'),
(196, 14, '37.704310', '-122.458730', 'Fimovok keba we hiuseta kiwur su pi ibi weihevud iju nu birjifi.', 'https://via.placeholder.com/387x518/B86/fff/?text=PHOTO', 'https://via.placeholder.com/423x512/7A6/fff/?text=ICON', '2022-05-19 05:49:49'),
(197, 33, '37.708690', '-122.414100', 'Ebgiw lamwuni tirme pi bizail her ato dozfe gu ajdebab havvomvad lan kukud nep si goros fuziba de.', 'https://via.placeholder.com/357x358/A59/fff/?text=PHOTO', 'https://via.placeholder.com/524x600/354/fff/?text=ICON', '2020-09-27 00:46:55'),
(198, 12, '37.733300', '-122.381130', 'Hi do rope sih afra naefimo et gobru kecpav cogpiski ucafi uwkig cop ozaku hicev sabogfut ba sefmofem.', 'https://via.placeholder.com/398x361/B7B/fff/?text=PHOTO', 'https://via.placeholder.com/425x434/93B/fff/?text=ICON', '2022-07-10 14:44:15'),
(199, 13, '37.745020', '-122.412350', 'Nujnu agge wi pakwukus zilrahiv ipa cin sandel wuta sud cifrem puanocu gir sonvuivu kowuvu gogcohe wekes cikpuepe.', 'https://via.placeholder.com/436x371/3B6/fff/?text=PHOTO', 'https://via.placeholder.com/597x423/4A3/fff/?text=ICON', '2022-09-27 12:05:48'),
(200, 18, '37.740690', '-122.387820', 'Fohubte mahuoku gordod hizke sozive micjug dapokevoc vuhzic saigi vubtaso hipda esi kadi ohufuv vez lumek kowhacbon arapopta.', 'https://via.placeholder.com/407x376/377/fff/?text=PHOTO', 'https://via.placeholder.com/496x537/7AB/fff/?text=ICON', '2020-07-31 19:30:52'),
(201, 41, '37.699830', '-122.398000', 'Cuv lawez esojaj tim oso fitauni benpeel dehpid jub orelabbu wamuz nan nar modbos adouw watuave ziduri.', 'https://via.placeholder.com/510x487/B54/fff/?text=PHOTO', 'https://via.placeholder.com/510x495/9B6/fff/?text=ICON', '2021-04-21 11:44:32'),
(202, 21, '37.725110', '-122.443350', 'Pa ejenihar lihrum faf ukso ufederi tefaco niwfeda ewasile dow ipesir pizuk zen gez seon wimadico.', 'https://via.placeholder.com/500x560/36A/fff/?text=PHOTO', 'https://via.placeholder.com/509x358/BA6/fff/?text=ICON', '2022-06-28 08:03:49'),
(203, 38, '37.685510', '-122.397230', 'Was vu so dad newa gekec bobsakeb cudzopen cawoc sehoc nisufi lohetokep zoguiz.', 'https://via.placeholder.com/566x465/49A/fff/?text=PHOTO', 'https://via.placeholder.com/456x405/75B/fff/?text=ICON', '2022-07-02 21:38:39'),
(204, 3, '37.798650', '-122.441760', 'Elemohiba ruhablo duod lanezsa zagpouk ojefoguw efmi cow agteko momageri oniowamij wadogji taco camsif vupuz.', 'https://via.placeholder.com/363x408/896/fff/?text=PHOTO', 'https://via.placeholder.com/394x511/B55/fff/?text=ICON', '2020-06-29 11:53:11'),
(205, 50, '37.703890', '-122.487940', 'Vupwipef fa wuaku malin eweki ug limugi zinmewumo ra foguhut do ewo kunow an.', 'https://via.placeholder.com/562x592/47A/fff/?text=PHOTO', 'https://via.placeholder.com/508x459/469/fff/?text=ICON', '2021-01-09 02:44:33'),
(206, 24, '37.768540', '-122.483340', 'Mekha aweremif ca wik buju batupuuja loj mokeab ba nawugiver regowra nidobec nuptil ni luuv nopriw tazpovvo.', 'https://via.placeholder.com/460x533/6A7/fff/?text=PHOTO', 'https://via.placeholder.com/563x549/B57/fff/?text=ICON', '2021-10-07 09:47:29'),
(207, 39, '37.778300', '-122.385790', 'Izwuzer ewepejfuv ibeze sod pot ge la lafec ru orazew ek mo kijazac niwiris cejpeugu rotad azipaji javuwher.', 'https://via.placeholder.com/558x561/AA8/fff/?text=PHOTO', 'https://via.placeholder.com/518x414/543/fff/?text=ICON', '2021-03-03 06:42:23'),
(208, 19, '37.726820', '-122.433400', 'Zom iv oc dukikavus ev hafdiaru di fe wa rurema guafa zi lokusuc kipwagos bo busted.', 'https://via.placeholder.com/581x518/84B/fff/?text=PHOTO', 'https://via.placeholder.com/462x363/A73/fff/?text=ICON', '2021-12-09 05:09:26'),
(209, 45, '37.782290', '-122.444380', 'Awukfo huwna ezzu kof febzu ficeama nonoet asvuji suv me ona asabe tafmothik dumonjok pahmicuz guoh mok.', 'https://via.placeholder.com/595x489/AA9/fff/?text=PHOTO', 'https://via.placeholder.com/398x451/A5A/fff/?text=ICON', '2022-09-15 05:44:34'),
(210, 11, '37.790220', '-122.479920', 'Bejacje eruwifem gizbum cis putpa resazur zoccijiw fon gurdava giz pe tupek zofife.', 'https://via.placeholder.com/408x376/66A/fff/?text=PHOTO', 'https://via.placeholder.com/363x417/7A8/fff/?text=ICON', '2020-03-12 02:17:23'),
(211, 34, '37.678200', '-122.471620', 'Hipwam aceisuhav bamehkub tic pegajesok uhfidop ri maub epi ak ir apjumzip resa zec ha ravum pispuuti.', 'https://via.placeholder.com/484x577/598/fff/?text=PHOTO', 'https://via.placeholder.com/380x570/9B8/fff/?text=ICON', '2020-09-11 11:35:00'),
(212, 5, '37.800000', '-122.389940', 'Ohedigbod novsem kinihcud gelha kave dalro til rovez ete beb pimar usipiati oz te obe eve bu.', 'https://via.placeholder.com/377x410/B87/fff/?text=PHOTO', 'https://via.placeholder.com/401x502/A86/fff/?text=ICON', '2020-07-11 05:40:43'),
(213, 43, '37.766970', '-122.409580', 'Hufpak abile vi ekoodi motumge olfiah makagim cukujevo kace nel ij ute.', 'https://via.placeholder.com/438x436/678/fff/?text=PHOTO', 'https://via.placeholder.com/547x495/6A4/fff/?text=ICON', '2021-12-28 17:55:25'),
(214, 31, '37.770190', '-122.383020', 'Fa hievi caro jihu se neujije kesdag rufjuos rufuk zib tekso hagnuce ir etijmof fugob.', 'https://via.placeholder.com/595x434/B9B/fff/?text=PHOTO', 'https://via.placeholder.com/427x477/449/fff/?text=ICON', '2020-02-19 12:14:41'),
(215, 45, '37.704600', '-122.485250', 'Imdihis ot cu zawcan var jegapu pokiwno usu nubebizur kemfowhek cuh ke riclohi fietezaf ugu osruh mor.', 'https://via.placeholder.com/441x388/5B5/fff/?text=PHOTO', 'https://via.placeholder.com/499x571/4B4/fff/?text=ICON', '2020-07-20 04:24:08'),
(216, 49, '37.713770', '-122.457060', 'Esuseofe po liege rubliv zo ac onaocisu ov leije cugru ran ifwe fu dofja.', 'https://via.placeholder.com/351x413/966/fff/?text=PHOTO', 'https://via.placeholder.com/350x464/B45/fff/?text=ICON', '2022-06-16 02:20:42'),
(217, 38, '37.695350', '-122.440680', 'La zollecro di kulde ewno maamni avu ji malru ipgola bog oni jetrika cih are da ojpicbo.', 'https://via.placeholder.com/414x378/68A/fff/?text=PHOTO', 'https://via.placeholder.com/384x372/743/fff/?text=ICON', '2021-06-12 13:48:12'),
(218, 40, '37.764170', '-122.400180', 'Giuziubu eferu fouvhec lo eleure wop naz biwcew nuzta ro vemuzuw loajril nashinson fuhhivaku pid bu.', 'https://via.placeholder.com/444x417/6A5/fff/?text=PHOTO', 'https://via.placeholder.com/569x462/99B/fff/?text=ICON', '2022-07-23 18:26:29'),
(219, 4, '37.758060', '-122.449660', 'Bo bo nuja ip laas orado fiwdip tufweziv mif hap ivatufo dimzijef jomev.', 'https://via.placeholder.com/413x419/A73/fff/?text=PHOTO', 'https://via.placeholder.com/518x507/4B3/fff/?text=ICON', '2021-06-08 08:24:58'),
(220, 33, '37.697090', '-122.466110', 'Ih zonuk bat few lilake eho jet tor li tirto ja awiidzup kep otdopper suonka.', 'https://via.placeholder.com/585x429/76B/fff/?text=PHOTO', 'https://via.placeholder.com/567x378/569/fff/?text=ICON', '2022-03-20 12:26:26'),
(221, 23, '37.791360', '-122.487030', 'Inejioma siwopoj osoguhi ic mi zo aba ozva cuzanim hivbur gimorbo du penep.', 'https://via.placeholder.com/352x409/664/fff/?text=PHOTO', 'https://via.placeholder.com/389x363/AB4/fff/?text=ICON', '2021-01-25 06:31:42'),
(222, 12, '37.703910', '-122.434580', 'Toevu vo wimevbup muh vocsecug nu sef ke lama totlasnic fu ole lo.', 'https://via.placeholder.com/454x507/338/fff/?text=PHOTO', 'https://via.placeholder.com/433x365/336/fff/?text=ICON', '2020-05-06 10:49:42'),
(223, 28, '37.781020', '-122.427040', 'Metses apene izdavaf heplibu zapus ewehod fopsuhag jize usice aciol wujad ho zo gukaab tos tivub.', 'https://via.placeholder.com/534x594/33B/fff/?text=PHOTO', 'https://via.placeholder.com/539x487/446/fff/?text=ICON', '2021-11-17 16:06:45'),
(224, 22, '37.758100', '-122.427180', 'Cafi doil jod jeg tor hog koazzah etoresju pez voc ewekujive iw posepi ro.', 'https://via.placeholder.com/469x350/A63/fff/?text=PHOTO', 'https://via.placeholder.com/456x383/355/fff/?text=ICON', '2020-07-07 22:19:07'),
(225, 31, '37.678630', '-122.371740', 'So buwungu ajowa emsa apkonec ob nan usoez sofi udzih ivzuznac bobsojhek.', 'https://via.placeholder.com/512x517/A48/fff/?text=PHOTO', 'https://via.placeholder.com/481x524/936/fff/?text=ICON', '2021-01-19 09:28:21'),
(226, 17, '37.749620', '-122.486040', 'Vaamocid ikaozmo fa ziamedu opuzu rajopdaw fa ico wamjun mim oriwutfe unu ji puh zugpih buvioro sul ubhidtok.', 'https://via.placeholder.com/580x538/9A7/fff/?text=PHOTO', 'https://via.placeholder.com/460x379/94B/fff/?text=ICON', '2021-11-13 03:36:11'),
(227, 28, '37.793510', '-122.495090', 'Kobvin gu fidihi hotensuh mehut lukukcem zuwihwad hih pu duhihe awoce ivdi pi cepu zezu.', 'https://via.placeholder.com/427x498/583/fff/?text=PHOTO', 'https://via.placeholder.com/365x519/944/fff/?text=ICON', '2022-04-14 22:23:45'),
(228, 11, '37.752040', '-122.485970', 'Ifomig ci maguz ducpare lucihlo riare cemiwam pe picoffeb digru vudamgol vuh lejka kevumo.', 'https://via.placeholder.com/495x455/A84/fff/?text=PHOTO', 'https://via.placeholder.com/368x485/354/fff/?text=ICON', '2021-08-11 21:01:07'),
(229, 44, '37.791100', '-122.387270', 'Unoha hol ha elwacdu fican befme satmome aj le ovomatlaj cimlun geepini ram.', 'https://via.placeholder.com/568x598/95A/fff/?text=PHOTO', 'https://via.placeholder.com/419x432/85A/fff/?text=ICON', '2021-03-17 07:43:58'),
(230, 16, '37.738940', '-122.492650', 'Kihmi pewiemo ba jolcumof hulcopeg gi siv atrevtet decjebob va udebez bunriido fahloh vif lihnasa loitu ov pecepjoj.', 'https://via.placeholder.com/526x574/A5A/fff/?text=PHOTO', 'https://via.placeholder.com/375x476/774/fff/?text=ICON', '2022-09-14 09:41:26'),
(231, 12, '37.694220', '-122.426460', 'Caweele bekovo ebo ek wok ujcojek kafro vurmugce ufjava nawor hiphirze wunohhim vugipe wena.', 'https://via.placeholder.com/579x510/64B/fff/?text=PHOTO', 'https://via.placeholder.com/445x592/88B/fff/?text=ICON', '2022-01-31 11:44:22'),
(232, 47, '37.785670', '-122.437800', 'Rimdul ifudius baob isbifat duz baglon inzorca nivab irno jemcu ufimo cakazu ava vo dus pivwoppa ga ugi.', 'https://via.placeholder.com/354x464/83A/fff/?text=PHOTO', 'https://via.placeholder.com/490x565/A55/fff/?text=ICON', '2021-08-05 16:05:27'),
(233, 45, '37.686560', '-122.450510', 'Nom uba zu jipirgi wogah ze zo boj mapjig estuawa lid hujbeuj ozhed makluzev vejce.', 'https://via.placeholder.com/387x419/354/fff/?text=PHOTO', 'https://via.placeholder.com/480x560/767/fff/?text=ICON', '2021-05-23 11:57:42'),
(234, 39, '37.775590', '-122.460180', 'Ezdog revat wijukored ade fogcik uwziok agu rol beweclij tuporvur uwi hi tebfombop woejoke.', 'https://via.placeholder.com/481x413/3B7/fff/?text=PHOTO', 'https://via.placeholder.com/548x553/877/fff/?text=ICON', '2020-03-29 18:21:16'),
(235, 25, '37.785430', '-122.427820', 'Inu va te se dofwuw leriut om nihfov up ra cedocihi jejedsa ifsi fazubaf pe sesat ve.', 'https://via.placeholder.com/355x422/499/fff/?text=PHOTO', 'https://via.placeholder.com/514x510/A44/fff/?text=ICON', '2020-07-16 10:20:39'),
(236, 20, '37.676620', '-122.445850', 'Sakgic agazonic zizit bizji oritul megipte lib suveza lomkebi pesaac lorfem hupisido du kamagas mek.', 'https://via.placeholder.com/501x441/7B5/fff/?text=PHOTO', 'https://via.placeholder.com/553x370/B4B/fff/?text=ICON', '2022-02-20 06:54:55'),
(237, 19, '37.725540', '-122.385800', 'Gucdaul ci ha rugon wih ufbiv juaciki bod ovuzim pidukba waza tabum hoevwa.', 'https://via.placeholder.com/443x514/533/fff/?text=PHOTO', 'https://via.placeholder.com/363x377/8A5/fff/?text=ICON', '2020-10-06 10:36:14'),
(238, 35, '37.738930', '-122.412870', 'Sowo jejinu fagwim asaho pow atojaw cebagur si orsis evjo lenognas du nakce.', 'https://via.placeholder.com/521x372/A58/fff/?text=PHOTO', 'https://via.placeholder.com/448x407/889/fff/?text=ICON', '2022-09-02 22:23:36'),
(239, 24, '37.677660', '-122.423820', 'Jezpucol ril fev inesuk oj keso ej jorcu vegcofes ipaomokav gizwepun ve ka raf tekbuj zov ete evi.', 'https://via.placeholder.com/562x586/986/fff/?text=PHOTO', 'https://via.placeholder.com/528x526/5A6/fff/?text=ICON', '2021-04-21 12:05:47'),
(240, 13, '37.729760', '-122.444410', 'Hesdof nezu up ritjel re lumoh iv avohe na wuf zurluzhi no toz.', 'https://via.placeholder.com/588x523/584/fff/?text=PHOTO', 'https://via.placeholder.com/356x471/A66/fff/?text=ICON', '2021-05-14 15:40:05'),
(241, 20, '37.737760', '-122.472060', 'Zu ca pocu aveumo pu wojlivkom orefub rekca vij cibok bepgovuka pimbotuv tusfaphod wizo fufe.', 'https://via.placeholder.com/460x405/674/fff/?text=PHOTO', 'https://via.placeholder.com/437x472/465/fff/?text=ICON', '2020-12-08 10:54:00'),
(242, 24, '37.676320', '-122.409080', 'Nabivew juak uki moroktep odbi kihwoja japoado ajisunim zajocen doh wigus lowzevfak.', 'https://via.placeholder.com/489x591/33B/fff/?text=PHOTO', 'https://via.placeholder.com/539x416/937/fff/?text=ICON', '2020-09-04 13:02:45'),
(243, 20, '37.680040', '-122.401850', 'Kowohimi ca eweecu kogwanbu fol teokazo asofo je sev ocuvikfom miawiwed lojelbe evive ototibes coj zudaove epukom cozocat.', 'https://via.placeholder.com/424x378/438/fff/?text=PHOTO', 'https://via.placeholder.com/423x500/B93/fff/?text=ICON', '2021-12-10 09:40:53'),
(244, 16, '37.720140', '-122.481300', 'Nu uvefof gu rarvabob odek sazomoc fafahfo sifogaw cain okawem wiezabig salnermiv daduhi dad.', 'https://via.placeholder.com/569x417/BA8/fff/?text=PHOTO', 'https://via.placeholder.com/472x551/7A6/fff/?text=ICON', '2022-01-08 07:11:28'),
(245, 6, '37.722840', '-122.373450', 'Om mugpaj jubkesop ferem wut bagcaplus miwe ruviz gofak bi lamper waczihoh decoczo ozgi umekeaba.', 'https://via.placeholder.com/454x524/B89/fff/?text=PHOTO', 'https://via.placeholder.com/512x425/835/fff/?text=ICON', '2022-05-06 07:26:04'),
(246, 5, '37.741970', '-122.370010', 'Na owsima vowvanbe ushuwgus il kozva fuhe honza nuflemnow fud bil rar cewevuf rub porogi.', 'https://via.placeholder.com/561x561/796/fff/?text=PHOTO', 'https://via.placeholder.com/524x599/68B/fff/?text=ICON', '2020-07-14 00:08:49'),
(247, 35, '37.699600', '-122.484320', 'Ojapevum cuof esu igles pu sukacuwu ewpu hu rukhu lulih cab hisdat mogof nisuzvod fajvohrid vumdiguw kefnem did.', 'https://via.placeholder.com/393x397/B53/fff/?text=PHOTO', 'https://via.placeholder.com/555x383/94B/fff/?text=ICON', '2020-07-21 07:07:35'),
(248, 37, '37.687670', '-122.383300', 'Du pawref ja zi caafe ci ojpuho zuwegpe gebfop jevandoz jof ci foh nagugwu lu vipohte owahawim.', 'https://via.placeholder.com/509x524/36A/fff/?text=PHOTO', 'https://via.placeholder.com/354x402/747/fff/?text=ICON', '2020-07-28 03:41:45'),
(249, 26, '37.750470', '-122.444280', 'Camulmol lekko nuc liernu veatuneg rin ekocig riwnaere jufesmab vuimjuz hu holola tadlaab upafure bejires.', 'https://via.placeholder.com/353x399/A88/fff/?text=PHOTO', 'https://via.placeholder.com/576x507/553/fff/?text=ICON', '2021-03-18 22:20:06'),
(250, 40, '37.790660', '-122.436790', 'Behez rupamihu hobaz algeohe ci dole ke zefi rila savil vok cih ma ecazabin.', 'https://via.placeholder.com/500x538/666/fff/?text=PHOTO', 'https://via.placeholder.com/568x484/A4A/fff/?text=ICON', '2022-03-04 04:55:27');

-- --------------------------------------------------------

--
-- Table structure for table `track_202290_users`
--

CREATE TABLE `track_202290_users` (
  `id` int(13) NOT NULL,
  `name` varchar(64) NOT NULL,
  `username` varchar(64) NOT NULL,
  `email` varchar(128) NOT NULL,
  `password` varchar(32) NOT NULL,
  `img` varchar(256) NOT NULL,
  `date_create` datetime NOT NULL
) ENGINE=MyISAM DEFAULT CHARSET=latin1;

--
-- Dumping data for table `track_202290_users`
--

INSERT INTO `track_202290_users` (`id`, `name`, `username`, `email`, `password`, `img`, `date_create`) VALUES
(1, 'Erik Roberson', 'user1', 'user1@gmail.com', '1a1dc91c907325c69271ddf0c944bc72', 'https://via.placeholder.com/544x591/9AB/fff/?text=Erik Roberson', '2021-07-03 03:22:47'),
(2, 'Tom Robinson', 'user2', 'user2@gmail.com', '1a1dc91c907325c69271ddf0c944bc72', 'https://via.placeholder.com/541x453/A38/fff/?text=Tom Robinson', '2022-01-28 22:15:52'),
(3, 'Kate Ferguson', 'user3', 'user3@gmail.com', '1a1dc91c907325c69271ddf0c944bc72', 'https://via.placeholder.com/441x598/579/fff/?text=Kate Ferguson', '2020-07-20 22:27:16'),
(4, 'Francisco Henry', 'user4', 'user4@gmail.com', '1a1dc91c907325c69271ddf0c944bc72', 'https://via.placeholder.com/577x431/685/fff/?text=Francisco Henry', '2021-01-02 00:51:18'),
(5, 'Jerome Wise', 'user5', 'user5@gmail.com', '1a1dc91c907325c69271ddf0c944bc72', 'https://via.placeholder.com/506x586/937/fff/?text=Jerome Wise', '2022-04-23 04:40:36'),
(6, 'Daisy Carson', 'user6', 'user6@gmail.com', '1a1dc91c907325c69271ddf0c944bc72', 'https://via.placeholder.com/358x537/855/fff/?text=Daisy Carson', '2020-09-03 21:51:45'),
(7, 'Leona Kennedy', 'user7', 'user7@gmail.com', '1a1dc91c907325c69271ddf0c944bc72', 'https://via.placeholder.com/463x543/6AB/fff/?text=Leona Kennedy', '2020-03-07 00:21:04'),
(8, 'Arthur Floyd', 'user8', 'user8@gmail.com', '1a1dc91c907325c69271ddf0c944bc72', 'https://via.placeholder.com/588x360/775/fff/?text=Arthur Floyd', '2020-08-18 21:53:33'),
(9, 'Lois Morton', 'user9', 'user9@gmail.com', '1a1dc91c907325c69271ddf0c944bc72', 'https://via.placeholder.com/579x552/674/fff/?text=Lois Morton', '2021-01-13 03:52:42'),
(10, 'Elva Griffin', 'user10', 'user10@gmail.com', '1a1dc91c907325c69271ddf0c944bc72', 'https://via.placeholder.com/435x444/A44/fff/?text=Elva Griffin', '2022-03-10 01:59:56');

--
-- Indexes for dumped tables
--

--
-- Indexes for table `track_202290_animals`
--
ALTER TABLE `track_202290_animals`
  ADD PRIMARY KEY (`id`);

--
-- Indexes for table `track_202290_locations`
--
ALTER TABLE `track_202290_locations`
  ADD PRIMARY KEY (`id`);

--
-- Indexes for table `track_202290_users`
--
ALTER TABLE `track_202290_users`
  ADD PRIMARY KEY (`id`);

--
-- AUTO_INCREMENT for dumped tables
--

--
-- AUTO_INCREMENT for table `track_202290_animals`
--
ALTER TABLE `track_202290_animals`
  MODIFY `id` int(13) NOT NULL AUTO_INCREMENT, AUTO_INCREMENT=51;

--
-- AUTO_INCREMENT for table `track_202290_locations`
--
ALTER TABLE `track_202290_locations`
  MODIFY `id` int(13) NOT NULL AUTO_INCREMENT, AUTO_INCREMENT=251;

--
-- AUTO_INCREMENT for table `track_202290_users`
--
ALTER TABLE `track_202290_users`
  MODIFY `id` int(13) NOT NULL AUTO_INCREMENT, AUTO_INCREMENT=11;
COMMIT;

/*!40101 SET CHARACTER_SET_CLIENT=@OLD_CHARACTER_SET_CLIENT */;
/*!40101 SET CHARACTER_SET_RESULTS=@OLD_CHARACTER_SET_RESULTS */;
/*!40101 SET COLLATION_CONNECTION=@OLD_COLLATION_CONNECTION */;
